
/*Table structure for table `foldx_pdb_single_mutations` */

CREATE TABLE `foldx_pdb_single_mutations` (
  `id` int(11) NOT NULL AUTO_INCREMENT,
  `pdb` varchar(255) DEFAULT NULL,
  `transition_id` int(11) DEFAULT NULL,
  `single_mutation_id` int(11) DEFAULT NULL,
  `energy_change` decimal(11,5) DEFAULT NULL,
  `energy_change_reverse` decimal(11,5) DEFAULT NULL,
  PRIMARY KEY (`id`)
) ENGINE=InnoDB AUTO_INCREMENT=1153 DEFAULT CHARSET=latin1;

/*Data for the table `foldx_pdb_single_mutations` */

insert  into `foldx_pdb_single_mutations`(`id`,`pdb`,`transition_id`,`single_mutation_id`,`energy_change`,`energy_change_reverse`) values 

(1,'1HGD',1,1,'-0.15212',NULL),

(2,'1HGD',1,2,'0.37082',NULL),

(3,'1HGD',1,3,'-0.03231',NULL),

(4,'1HGD',1,4,'-0.66700',NULL),

(5,'1HGD',1,5,'5.54227',NULL),

(6,'1HGD',1,6,'0.15513',NULL),

(7,'1HGD',1,7,'0.98956',NULL),

(8,'1HGD',1,8,'-0.17606',NULL),

(9,'1HGD',1,9,'0.60827',NULL),

(10,'1HGD',2,10,'0.20938',NULL),

(11,'1HGD',2,11,'-0.34514',NULL),

(12,'1HGD',2,12,'0.21294',NULL),

(13,'1HGD',2,13,'-1.12507',NULL),

(14,'1HGD',2,14,'-0.98104',NULL),

(15,'1HGD',2,15,'-1.15748',NULL),

(16,'1HGD',3,16,'-0.09639',NULL),

(17,'1HGD',3,17,'-0.48612',NULL),

(18,'1HGD',3,18,'0.13288',NULL),

(19,'1HGD',3,19,'0.78116',NULL),

(20,'1HGD',3,20,'-0.29165',NULL),

(21,'1HGD',3,21,'2.61739',NULL),

(22,'1HGD',3,22,'-0.38038',NULL),

(23,'1HGD',3,23,'-2.97684',NULL),

(24,'1HGD',3,24,'-2.06097',NULL),

(25,'1HGD',3,25,'0.55950',NULL),

(26,'1HGD',3,26,'0.91359',NULL),

(27,'1HGD',4,27,'-0.06798',NULL),

(28,'1HGD',4,28,'0.38892',NULL),

(29,'1HGD',4,29,'0.55789',NULL),

(30,'1HGD',4,30,'-0.49045',NULL),

(31,'1HGD',4,31,'-0.18927',NULL),

(32,'1HGD',4,32,'0.01603',NULL),

(33,'1HGD',4,33,'-1.41797',NULL),

(34,'1HGD',4,34,'2.09816',NULL),

(35,'1HGD',4,35,'-2.77333',NULL),

(36,'1HGD',4,36,'0.11101',NULL),

(37,'1HGD',4,37,'-0.14041',NULL),

(38,'1HGD',4,38,'0.46528',NULL),

(39,'1HGD',4,39,'-0.12294',NULL),

(40,'1HGD',4,40,'0.48602',NULL),

(41,'1HGD',5,41,'0.55084',NULL),

(42,'1HGD',5,42,'0.56301',NULL),

(43,'1HGD',5,43,'7.54055',NULL),

(44,'1HGD',5,44,'3.63447',NULL),

(45,'1HGD',5,45,'-0.83667',NULL),

(46,'1HGD',5,46,'-0.45615',NULL),

(47,'1HGD',5,47,'-0.55826',NULL),

(48,'1HGD',6,48,'0.47258',NULL),

(49,'1HGD',6,49,'0.60304',NULL),

(50,'1HGD',6,50,'0.11295',NULL),

(51,'1HGD',6,51,'-0.55113',NULL),

(52,'1HGD',6,52,'-0.24704',NULL),

(53,'1HGD',6,53,'0.78168',NULL),

(54,'1HGD',6,54,'2.32955',NULL),

(55,'1HGD',6,55,'-0.06554',NULL),

(56,'1HGD',7,56,'-0.41988',NULL),

(57,'1HGD',7,57,'-0.47494',NULL),

(58,'1HGD',7,58,'2.06509',NULL),

(59,'1HGD',7,59,'0.63238',NULL),

(60,'1HGD',7,60,'0.90422',NULL),

(61,'1HGD',7,61,'0.62466',NULL),

(62,'1HGD',7,62,'0.22509',NULL),

(63,'1HGD',7,63,'1.50582',NULL),

(64,'1HGD',7,64,'-2.52608',NULL),

(65,'1HGD',8,65,'-0.92608',NULL),

(66,'1HGD',8,66,'0.67350',NULL),

(67,'1HGD',8,67,'-0.59782',NULL),

(68,'1HGD',8,68,'0.03211',NULL),

(69,'1HGD',8,69,'-0.59977',NULL),

(70,'1HGD',8,70,'-2.09642',NULL),

(71,'1HGD',8,71,'1.70468',NULL),

(72,'1HGD',9,72,'1.04080',NULL),

(73,'1HGD',9,73,'-0.19526',NULL),

(74,'1HGD',9,74,'-0.41318',NULL),

(75,'1HGD',9,75,'-0.49061',NULL),

(76,'1HGD',9,76,'-0.51721',NULL),

(77,'1HGD',9,77,'-3.16622',NULL),

(78,'1HGD',9,78,'5.30085',NULL),

(79,'1HGD',9,79,'-0.60140',NULL),

(80,'1HGD',9,80,'0.60499',NULL),

(81,'1HGD',9,81,'0.02434',NULL),

(82,'1HGD',10,82,'-0.93900',NULL),

(83,'1HGD',10,83,'1.03141',NULL),

(84,'1HGD',10,84,'0.84420',NULL),

(85,'1HGD',10,85,'-1.70592',NULL),

(86,'1HGD',10,86,'-0.48720',NULL),

(87,'1HGD',10,87,'0.81633',NULL),

(88,'1HGD',10,88,'-16.09647',NULL),

(89,'1HGD',10,89,'0.39993',NULL),

(90,'1HGD',10,90,'-1.11427',NULL),

(91,'1HGD',10,91,'0.15074',NULL),

(92,'1HGD',11,92,'1.24999',NULL),

(93,'1HGD',12,93,'-0.30805',NULL),

(94,'1HGD',12,94,'-1.04636',NULL),

(95,'1HGD',12,95,'0.79926',NULL),

(96,'1HGD',12,96,'-3.00873',NULL),

(97,'1HGD',12,97,'1.11659',NULL),

(98,'1HGD',12,98,'0.27832',NULL),

(99,'1HGD',12,99,'0.81744',NULL),

(100,'1HGD',12,100,'0.98566',NULL),

(101,'1HGD',12,101,'0.07923',NULL),

(102,'1HGD',13,102,'-1.03335',NULL),

(103,'1HGD',13,103,'0.56784',NULL),

(104,'1HGD',13,104,'-0.84175',NULL),

(105,'1HGD',13,105,'-0.75528',NULL),

(106,'1HGD',13,106,'0.40109',NULL),

(107,'1HGD',13,107,'-0.80538',NULL),

(108,'1HGD',13,108,'-0.82108',NULL),

(109,'1HGD',13,109,'-0.81305',NULL),

(110,'1HGD',13,110,'0.06322',NULL),

(111,'1HGD',14,111,'0.21677',NULL),

(112,'1HGD',14,112,'0.83990',NULL),

(113,'1HGD',14,113,'-0.32634',NULL),

(114,'1HGD',14,114,'0.15078',NULL),

(115,'1HGD',14,115,'-0.60579',NULL),

(116,'1HGD',14,116,'-0.29534',NULL),

(117,'1HGD',14,117,'2.89899',NULL),

(118,'1HGD',14,118,'-0.27533',NULL),

(119,'1HGD',14,119,'-0.44025',NULL),

(120,'1HGD',14,120,'0.74818',NULL),

(121,'1HGD',14,121,'-0.38604',NULL),

(122,'1HGD',14,122,'0.34969',NULL),

(123,'1HGD',14,123,'-0.10058',NULL),

(124,'1HGD',15,124,'0.90263',NULL),

(125,'1HGD',15,125,'0.32248',NULL),

(126,'1HGD',15,126,'0.56471',NULL),

(127,'1HGD',15,127,'0.35123',NULL),

(128,'1HGD',15,128,'-0.03391',NULL),

(129,'1HGD',15,129,'2.16961',NULL),

(130,'1HGD',15,130,'0.06945',NULL),

(131,'1HGD',15,131,'2.44528',NULL),

(132,'1HGD',15,132,'-0.44551',NULL),

(133,'1HGD',15,133,'0.19400',NULL),

(134,'1HGD',15,134,'2.28212',NULL),

(135,'1HGD',15,135,'-0.26465',NULL),

(136,'1HGD',16,136,'-0.33072',NULL),

(137,'1HGD',16,137,'0.05316',NULL),

(138,'1HGD',16,138,'0.15055',NULL),

(139,'1HGD',16,139,'0.12045',NULL),

(140,'1HGD',16,140,'0.22554',NULL),

(141,'1HGD',16,141,'-1.07245',NULL),

(142,'1HGD',16,142,'0.32202',NULL),

(143,'1HGD',16,143,'-2.20626',NULL),

(144,'1HGD',17,144,'2.12122',NULL),

(145,'1HGD',17,145,'-1.36415',NULL),

(146,'1HGD',17,146,'1.36952',NULL),

(147,'1HGD',17,147,'-2.79234',NULL),

(148,'1HGD',17,148,'-0.19802',NULL),

(149,'1HGD',17,149,'0.40662',NULL),

(150,'1HGD',17,150,'-1.07161',NULL),

(151,'1HGD',17,151,'-0.06119',NULL),

(152,'1HGD',17,152,'1.07336',NULL),

(153,'1HGD',17,153,'-0.27582',NULL),

(154,'1HGD',17,154,'-0.15768',NULL),

(155,'1HGD',17,155,'0.53635',NULL),

(156,'1HGD',17,156,'2.65940',NULL),

(157,'1HGD',17,157,'0.41474',NULL),

(158,'1HGD',18,158,'-0.40417',NULL),

(159,'1HGD',18,159,'0.05449',NULL),

(160,'1HGD',18,160,'-0.76974',NULL),

(161,'1HGD',18,161,'0.82748',NULL),

(162,'1HGD',18,162,'-2.30251',NULL),

(163,'1HGD',18,163,'-1.59354',NULL),

(164,'1HGD',18,164,'0.63083',NULL),

(165,'1HGD',18,165,'-1.06856',NULL),

(166,'1HGD',19,166,'-0.02734',NULL),

(167,'1HGD',19,167,'-0.24640',NULL),

(168,'1HGD',19,168,'-0.25594',NULL),

(169,'1HGD',20,169,'0.35358',NULL),

(170,'1HGD',20,170,'1.03935',NULL),

(171,'1HGD',20,171,'1.04381',NULL),

(172,'1HGD',20,172,'0.46387',NULL),

(173,'1HGD',20,173,'-0.31815',NULL),

(174,'1HGD',21,174,'0.51137',NULL),

(175,'1HGD',21,175,'-1.05116',NULL),

(176,'1HGD',21,176,'-0.67233',NULL),

(177,'1HGD',21,177,'-1.61242',NULL),

(178,'1HGD',21,178,'-0.42197',NULL),

(179,'1HGD',21,179,'-0.18817',NULL),

(180,'1HGD',21,180,'-0.00971',NULL),

(181,'1HGD',22,181,'-1.20943',NULL),

(182,'1HGD',22,182,'0.02084',NULL),

(183,'1HGD',22,183,'-0.50170',NULL),

(184,'1HGD',22,184,'0.02085',NULL),

(185,'1HGD',22,185,'1.04762',NULL),

(186,'1HGD',22,186,'0.13882',NULL),

(187,'1HGD',23,187,'-0.63562',NULL),

(188,'1HGD',23,188,'0.68145',NULL),

(189,'1HGD',23,189,'0.43064',NULL),

(190,'1HGD',23,190,'0.16623',NULL),

(191,'1HGD',23,191,'-0.85204',NULL),

(192,'1HGD',23,192,'1.06542',NULL),

(193,'2YP2',20,169,'0.01130',NULL),

(194,'2YP2',20,170,'0.51003',NULL),

(195,'2YP2',20,171,'0.72269',NULL),

(196,'2YP2',20,172,'3.10952',NULL),

(197,'2YP2',20,173,'-0.20139',NULL),

(198,'2YP2',21,174,'0.28369',NULL),

(199,'2YP2',21,175,'-0.97499',NULL),

(200,'2YP2',21,176,'-0.81664',NULL),

(201,'2YP2',21,177,'-1.07505',NULL),

(202,'2YP2',21,178,'-2.56622',NULL),

(203,'2YP2',21,179,'-0.14687',NULL),

(204,'2YP2',21,180,'-0.16936',NULL),

(205,'2YP2',22,181,'-1.02374',NULL),

(206,'2YP2',22,182,'-0.39841',NULL),

(207,'2YP2',22,183,'-0.08202',NULL),

(208,'2YP2',22,184,'0.11838',NULL),

(209,'2YP2',22,185,'1.59500',NULL),

(210,'2YP2',22,186,'0.18680',NULL),

(211,'2YP2',23,187,'-1.31862',NULL),

(212,'2YP2',23,188,'-0.91629',NULL),

(213,'2YP2',23,189,'0.15436',NULL),

(214,'2YP2',23,190,'0.20149',NULL),

(215,'2YP2',23,191,'-0.59623',NULL),

(216,'2YP2',23,192,'2.16623',NULL),

(217,'2YP2',19,166,'-0.24674',NULL),

(218,'2YP2',19,167,'0.41162',NULL),

(219,'2YP2',19,168,'-2.50376',NULL),

(220,'2YP2',18,158,'0.43226',NULL),

(221,'2YP2',18,159,'0.50377',NULL),

(222,'2YP2',18,160,'0.78173',NULL),

(223,'2YP2',18,161,'0.04462',NULL),

(224,'2YP2',18,162,'-1.24158',NULL),

(225,'2YP2',18,163,'-0.45929',NULL),

(226,'2YP2',18,164,'0.51631',NULL),

(227,'2YP2',18,165,'-2.64860',NULL),

(228,'2YP2',17,144,'1.64385',NULL),

(229,'2YP2',17,145,'-1.23534',NULL),

(230,'2YP2',17,146,'-0.34164',NULL),

(231,'2YP2',17,147,'0.29719',NULL),

(232,'2YP2',17,148,'-0.22230',NULL),

(233,'2YP2',17,149,'-1.19218',NULL),

(234,'2YP2',17,150,'-0.52893',NULL),

(235,'2YP2',17,151,'-0.23012',NULL),

(236,'2YP2',17,152,'3.03083',NULL),

(237,'2YP2',17,153,'-1.72785',NULL),

(238,'2YP2',17,154,'-1.08862',NULL),

(239,'2YP2',17,155,'-0.38526',NULL),

(240,'2YP2',17,156,'1.51836',NULL),

(241,'2YP2',17,157,'0.24203',NULL),

(242,'2YP2',16,136,'52.96093',NULL),

(243,'2YP2',16,137,'0.95077',NULL),

(244,'2YP2',16,138,'0.35421',NULL),

(245,'2YP2',16,139,'-0.09613',NULL),

(246,'2YP2',16,140,'0.32760',NULL),

(247,'2YP2',16,141,'-2.28340',NULL),

(248,'2YP2',16,142,'1.73289',NULL),

(249,'2YP2',16,143,'-2.04553',NULL),

(250,'2YP2',15,124,'54.63347',NULL),

(251,'2YP2',15,125,'1.35796',NULL),

(252,'2YP2',15,126,'-0.45440',NULL),

(253,'2YP2',15,127,'0.35004',NULL),

(254,'2YP2',15,128,'0.05784',NULL),

(255,'2YP2',15,129,'0.15074',NULL),

(256,'2YP2',15,130,'0.02211',NULL),

(257,'2YP2',15,131,'1.51414',NULL),

(258,'2YP2',15,132,'-0.23497',NULL),

(259,'2YP2',15,133,'-3.46035',NULL),

(260,'2YP2',15,134,'2.04733',NULL),

(261,'2YP2',15,135,'0.44910',NULL),

(262,'2YP2',14,111,'0.16101',NULL),

(263,'2YP2',14,112,'1.49279',NULL),

(264,'2YP2',14,113,'-0.00640',NULL),

(265,'2YP2',14,114,'0.28529',NULL),

(266,'2YP2',14,115,'-0.86829',NULL),

(267,'2YP2',14,116,'0.07582',NULL),

(268,'2YP2',14,117,'2.99386',NULL),

(269,'2YP2',14,118,'0.31714',NULL),

(270,'2YP2',14,119,'0.24232',NULL),

(271,'2YP2',14,120,'-0.40733',NULL),

(272,'2YP2',14,121,'-1.74985',NULL),

(273,'2YP2',14,122,'0.45130',NULL),

(274,'2YP2',14,123,'-0.45142',NULL),

(275,'2YP2',13,102,'-0.16101',NULL),

(276,'2YP2',13,103,'0.14056',NULL),

(277,'2YP2',13,104,'-1.04839',NULL),

(278,'2YP2',13,105,'-0.89858',NULL),

(279,'2YP2',13,106,'0.07151',NULL),

(280,'2YP2',13,107,'-1.26259',NULL),

(281,'2YP2',13,108,'-0.25233',NULL),

(282,'2YP2',13,109,'0.20567',NULL),

(283,'2YP2',13,110,'-1.16482',NULL),

(284,'2YP2',12,93,'-0.73139',NULL),

(285,'2YP2',12,94,'0.67591',NULL),

(286,'2YP2',12,95,'0.92110',NULL),

(287,'2YP2',12,96,'-1.44745',NULL),

(288,'2YP2',12,97,'0.63698',NULL),

(289,'2YP2',12,98,'-0.44005',NULL),

(290,'2YP2',12,99,'1.26259',NULL),

(291,'2YP2',12,100,'1.93984',NULL),

(292,'2YP2',12,101,'-0.12350',NULL),

(293,'2YP2',11,92,'1.01050',NULL),

(294,'2YP2',10,82,'-0.93463',NULL),

(295,'2YP2',10,83,'1.67403',NULL),

(296,'2YP2',10,84,'-0.26097',NULL),

(297,'2YP2',10,85,'-0.27400',NULL),

(298,'2YP2',10,86,'-0.56240',NULL),

(299,'2YP2',10,87,'1.81119',NULL),

(300,'2YP2',10,88,'-2.96725',NULL),

(301,'2YP2',10,89,'1.06222',NULL),

(302,'2YP2',10,90,'-0.70752',NULL),

(303,'2YP2',10,91,'-0.63037',NULL),

(304,'2YP2',9,72,'0.79177',NULL),

(305,'2YP2',9,73,'0.15209',NULL),

(306,'2YP2',9,74,'-0.15482',NULL),

(307,'2YP2',9,75,'-1.26205',NULL),

(308,'2YP2',9,76,'-2.39574',NULL),

(309,'2YP2',9,77,'-0.73276',NULL),

(310,'2YP2',9,78,'3.44762',NULL),

(311,'2YP2',9,79,'-1.28511',NULL),

(312,'2YP2',9,80,'0.54901',NULL),

(313,'2YP2',9,81,'0.20249',NULL),

(314,'2YP2',8,65,'-0.79397',NULL),

(315,'2YP2',8,66,'-0.48132',NULL),

(316,'2YP2',8,67,'-0.65296',NULL),

(317,'2YP2',8,68,'-0.27072',NULL),

(318,'2YP2',8,69,'-0.49887',NULL),

(319,'2YP2',8,70,'-1.68023',NULL),

(320,'2YP2',8,71,'0.74101',NULL),

(321,'2YP2',7,56,'50.44584',NULL),

(322,'2YP2',7,57,'-0.28756',NULL),

(323,'2YP2',7,58,'-0.29093',NULL),

(324,'2YP2',7,59,'0.14654',NULL),

(325,'2YP2',7,60,'1.05030',NULL),

(326,'2YP2',7,61,'0.08210',NULL),

(327,'2YP2',7,62,'-0.43754',NULL),

(328,'2YP2',7,63,'0.50211',NULL),

(329,'2YP2',7,64,'-0.90463',NULL),

(330,'2YP2',6,48,'0.41131',NULL),

(331,'2YP2',6,49,'0.15982',NULL),

(332,'2YP2',6,50,'0.01533',NULL),

(333,'2YP2',6,51,'-0.98334',NULL),

(334,'2YP2',6,52,'0.33164',NULL),

(335,'2YP2',6,53,'-0.80358',NULL),

(336,'2YP2',6,54,'0.73466',NULL),

(337,'2YP2',6,55,'-0.50107',NULL),

(338,'2YP2',5,41,'0.78832',NULL),

(339,'2YP2',5,42,'-1.15948',NULL),

(340,'2YP2',5,43,'0.33771',NULL),

(341,'2YP2',5,44,'3.24386',NULL),

(342,'2YP2',5,45,'-0.39093',NULL),

(343,'2YP2',5,46,'-0.17414',NULL),

(344,'2YP2',5,47,'-0.91811',NULL),

(345,'2YP2',4,27,'48.29984',NULL),

(346,'2YP2',4,28,'0.44019',NULL),

(347,'2YP2',4,29,'0.15734',NULL),

(348,'2YP2',4,30,'0.36601',NULL),

(349,'2YP2',4,31,'-0.84019',NULL),

(350,'2YP2',4,32,'0.11613',NULL),

(351,'2YP2',4,33,'-0.03376',NULL),

(352,'2YP2',4,34,'0.89545',NULL),

(353,'2YP2',4,35,'-2.64691',NULL),

(354,'2YP2',4,36,'1.33017',NULL),

(355,'2YP2',4,37,'0.27373',NULL),

(356,'2YP2',4,38,'-0.01644',NULL),

(357,'2YP2',4,39,'0.03596',NULL),

(358,'2YP2',4,40,'0.37037',NULL),

(359,'2YP2',3,16,'53.90751',NULL),

(360,'2YP2',3,17,'-0.19704',NULL),

(361,'2YP2',3,18,'-0.20049',NULL),

(362,'2YP2',3,19,'-0.28670',NULL),

(363,'2YP2',3,20,'-0.39223',NULL),

(364,'2YP2',3,21,'2.87532',NULL),

(365,'2YP2',3,22,'-0.32705',NULL),

(366,'2YP2',3,23,'0.20854',NULL),

(367,'2YP2',3,24,'0.11890',NULL),

(368,'2YP2',3,25,'0.94802',NULL),

(369,'2YP2',3,26,'1.59517',NULL),

(370,'2YP2',2,10,'52.57928',NULL),

(371,'2YP2',2,11,'-0.59553',NULL),

(372,'2YP2',2,12,'0.39222',NULL),

(373,'2YP2',2,13,'-0.56984',NULL),

(374,'2YP2',2,14,'0.50642',NULL),

(375,'2YP2',2,15,'-1.48827',NULL),

(376,'2YP2',1,1,'-0.04308',NULL),

(377,'2YP2',1,2,'0.46770',NULL),

(378,'2YP2',1,3,'-0.28227',NULL),

(379,'2YP2',1,4,'0.18220',NULL),

(380,'2YP2',1,5,'3.98860',NULL),

(381,'2YP2',1,6,'0.25102',NULL),

(382,'2YP2',1,7,'2.34262',NULL),

(383,'2YP2',1,8,'-0.60725',NULL),

(384,'2YP2',1,9,'-0.38930',NULL),

(385,'2YP7',23,187,'-1.56094',NULL),

(386,'2YP7',23,188,'-0.65899',NULL),

(387,'2YP7',23,189,'0.15003',NULL),

(388,'2YP7',23,190,'0.19127',NULL),

(389,'2YP7',23,191,'-0.14521',NULL),

(390,'2YP7',23,192,'1.57121',NULL),

(391,'2YP7',22,181,'-1.20100',NULL),

(392,'2YP7',22,182,'-0.56126',NULL),

(393,'2YP7',22,183,'-0.04093',NULL),

(394,'2YP7',22,184,'0.52270',NULL),

(395,'2YP7',22,185,'0.53967',NULL),

(396,'2YP7',22,186,'0.26336',NULL),

(397,'2YP7',21,174,'0.56168',NULL),

(398,'2YP7',21,175,'-0.57800',NULL),

(399,'2YP7',21,176,'-0.65312',NULL),

(400,'2YP7',21,177,'-0.23977',NULL),

(401,'2YP7',21,178,'-2.98946',NULL),

(402,'2YP7',21,179,'-0.33324',NULL),

(403,'2YP7',21,180,'-0.22356',NULL),

(404,'2YP7',20,169,'-0.06568',NULL),

(405,'2YP7',20,170,'0.77074',NULL),

(406,'2YP7',20,171,'0.58530',NULL),

(407,'2YP7',20,172,'2.84845',NULL),

(408,'2YP7',20,173,'-0.15337',NULL),

(409,'2YP7',19,166,'-0.11690',NULL),

(410,'2YP7',19,167,'-0.24984',NULL),

(411,'2YP7',19,168,'-1.26286',NULL),

(412,'2YP7',18,158,'0.43947',NULL),

(413,'2YP7',18,159,'0.44442',NULL),

(414,'2YP7',18,160,'0.47994',NULL),

(415,'2YP7',18,161,'1.14894',NULL),

(416,'2YP7',18,162,'-3.30341',NULL),

(417,'2YP7',18,163,'-0.36288',NULL),

(418,'2YP7',18,164,'0.11937',NULL),

(419,'2YP7',18,165,'-2.36488',NULL),

(420,'2YP7',17,144,'1.45232',NULL),

(421,'2YP7',17,145,'-1.15812',NULL),

(422,'2YP7',17,146,'0.07684',NULL),

(423,'2YP7',17,147,'-0.52820',NULL),

(424,'2YP7',17,148,'-0.18862',NULL),

(425,'2YP7',17,149,'-1.10481',NULL),

(426,'2YP7',17,150,'1.16362',NULL),

(427,'2YP7',17,151,'-0.10883',NULL),

(428,'2YP7',17,152,'2.21850',NULL),

(429,'2YP7',17,153,'-1.95266',NULL),

(430,'2YP7',17,154,'-0.93454',NULL),

(431,'2YP7',17,155,'-0.27625',NULL),

(432,'2YP7',17,156,'1.43917',NULL),

(433,'2YP7',17,157,'0.18998',NULL),

(434,'2YP7',16,136,'58.59590',NULL),

(435,'2YP7',16,137,'0.94743',NULL),

(436,'2YP7',16,138,'0.52696',NULL),

(437,'2YP7',16,139,'-0.51498',NULL),

(438,'2YP7',16,140,'0.32846',NULL),

(439,'2YP7',16,141,'-2.21538',NULL),

(440,'2YP7',16,142,'2.87946',NULL),

(441,'2YP7',16,143,'-2.17169',NULL),

(442,'2YP7',15,124,'60.34275',NULL),

(443,'2YP7',15,125,'1.23163',NULL),

(444,'2YP7',15,126,'-0.54551',NULL),

(445,'2YP7',15,127,'0.31789',NULL),

(446,'2YP7',15,128,'-0.06261',NULL),

(447,'2YP7',15,129,'0.57440',NULL),

(448,'2YP7',15,130,'-0.21428',NULL),

(449,'2YP7',15,131,'1.65542',NULL),

(450,'2YP7',15,132,'-0.27268',NULL),

(451,'2YP7',15,133,'-4.09565',NULL),

(452,'2YP7',15,134,'2.18312',NULL),

(453,'2YP7',15,135,'0.66154',NULL),

(454,'2YP7',14,111,'0.11045',NULL),

(455,'2YP7',14,112,'1.43629',NULL),

(456,'2YP7',14,113,'0.06667',NULL),

(457,'2YP7',14,114,'0.16688',NULL),

(458,'2YP7',14,115,'-1.35245',NULL),

(459,'2YP7',14,116,'-0.35004',NULL),

(460,'2YP7',14,117,'2.30155',NULL),

(461,'2YP7',14,118,'0.09156',NULL),

(462,'2YP7',14,119,'0.12160',NULL),

(463,'2YP7',14,120,'0.78388',NULL),

(464,'2YP7',14,121,'-1.12446',NULL),

(465,'2YP7',14,122,'0.48954',NULL),

(466,'2YP7',14,123,'-0.44795',NULL),

(467,'2YP7',13,102,'-0.13831',NULL),

(468,'2YP7',13,103,'0.12729',NULL),

(469,'2YP7',13,104,'-1.59028',NULL),

(470,'2YP7',13,105,'-1.25002',NULL),

(471,'2YP7',13,106,'0.44056',NULL),

(472,'2YP7',13,107,'-0.87598',NULL),

(473,'2YP7',13,108,'-0.16497',NULL),

(474,'2YP7',13,109,'-0.82041',NULL),

(475,'2YP7',13,110,'-0.98407',NULL),

(476,'2YP7',12,93,'-0.97042',NULL),

(477,'2YP7',12,94,'0.18618',NULL),

(478,'2YP7',12,95,'0.59437',NULL),

(479,'2YP7',12,96,'-0.91623',NULL),

(480,'2YP7',12,97,'-0.15641',NULL),

(481,'2YP7',12,98,'-0.50150',NULL),

(482,'2YP7',12,99,'0.87598',NULL),

(483,'2YP7',12,100,'0.76888',NULL),

(484,'2YP7',12,101,'0.40628',NULL),

(485,'2YP7',11,92,'0.91254',NULL),

(486,'2YP7',10,82,'-0.90625',NULL),

(487,'2YP7',10,83,'1.71331',NULL),

(488,'2YP7',10,84,'-0.89497',NULL),

(489,'2YP7',10,85,'-0.52685',NULL),

(490,'2YP7',10,86,'-0.86883',NULL),

(491,'2YP7',10,87,'2.00037',NULL),

(492,'2YP7',10,88,'-6.66416',NULL),

(493,'2YP7',10,89,'0.63254',NULL),

(494,'2YP7',10,90,'-1.05063',NULL),

(495,'2YP7',10,91,'-0.51138',NULL),

(496,'2YP7',9,72,'0.80700',NULL),

(497,'2YP7',9,73,'-0.00879',NULL),

(498,'2YP7',9,74,'-0.19290',NULL),

(499,'2YP7',9,75,'-0.30596',NULL),

(500,'2YP7',9,76,'-2.75571',NULL),

(501,'2YP7',9,77,'-1.86455',NULL),

(502,'2YP7',9,78,'9.46174',NULL),

(503,'2YP7',9,79,'-0.39398',NULL),

(504,'2YP7',9,80,'0.49513',NULL),

(505,'2YP7',9,81,'0.17067',NULL),

(506,'2YP7',8,65,'-0.81605',NULL),

(507,'2YP7',8,66,'-0.09422',NULL),

(508,'2YP7',8,67,'-0.63272',NULL),

(509,'2YP7',8,68,'-0.23163',NULL),

(510,'2YP7',8,69,'-0.52892',NULL),

(511,'2YP7',8,70,'-0.58635',NULL),

(512,'2YP7',8,71,'0.81306',NULL),

(513,'2YP7',7,56,'53.99338',NULL),

(514,'2YP7',7,57,'-0.41432',NULL),

(515,'2YP7',7,58,'0.56793',NULL),

(516,'2YP7',7,59,'0.48182',NULL),

(517,'2YP7',7,60,'0.86766',NULL),

(518,'2YP7',7,61,'0.50947',NULL),

(519,'2YP7',7,62,'-0.80618',NULL),

(520,'2YP7',7,63,'0.26804',NULL),

(521,'2YP7',7,64,'-1.00069',NULL),

(522,'2YP7',6,48,'0.38283',NULL),

(523,'2YP7',6,49,'0.47531',NULL),

(524,'2YP7',6,50,'-0.05194',NULL),

(525,'2YP7',6,51,'-0.73260',NULL),

(526,'2YP7',6,52,'0.81216',NULL),

(527,'2YP7',6,53,'0.05627',NULL),

(528,'2YP7',6,54,'0.17168',NULL),

(529,'2YP7',6,55,'-0.48664',NULL),

(530,'2YP7',5,41,'0.72804',NULL),

(531,'2YP7',5,42,'-1.68659',NULL),

(532,'2YP7',5,43,'1.23202',NULL),

(533,'2YP7',5,44,'3.10300',NULL),

(534,'2YP7',5,45,'-0.39007',NULL),

(535,'2YP7',5,46,'-0.15625',NULL),

(536,'2YP7',5,47,'-0.85754',NULL),

(537,'2YP7',4,27,'51.27123',NULL),

(538,'2YP7',4,28,'0.39177',NULL),

(539,'2YP7',4,29,'0.12629',NULL),

(540,'2YP7',4,30,'0.18603',NULL),

(541,'2YP7',4,31,'-0.98288',NULL),

(542,'2YP7',4,32,'-0.29489',NULL),

(543,'2YP7',4,33,'-0.52795',NULL),

(544,'2YP7',4,34,'0.38280',NULL),

(545,'2YP7',4,35,'-2.56437',NULL),

(546,'2YP7',4,36,'1.11451',NULL),

(547,'2YP7',4,37,'-0.35814',NULL),

(548,'2YP7',4,38,'-0.32305',NULL),

(549,'2YP7',4,39,'-0.20704',NULL),

(550,'2YP7',4,40,'0.26655',NULL),

(551,'2YP7',3,16,'55.64367',NULL),

(552,'2YP7',3,17,'-0.38610',NULL),

(553,'2YP7',3,18,'-0.22885',NULL),

(554,'2YP7',3,19,'-0.10424',NULL),

(555,'2YP7',3,20,'-0.43903',NULL),

(556,'2YP7',3,21,'2.64436',NULL),

(557,'2YP7',3,22,'0.08215',NULL),

(558,'2YP7',3,23,'0.27181',NULL),

(559,'2YP7',3,24,'0.06045',NULL),

(560,'2YP7',3,25,'0.86290',NULL),

(561,'2YP7',3,26,'1.62689',NULL),

(562,'2YP7',2,10,'53.14779',NULL),

(563,'2YP7',2,11,'-0.46509',NULL),

(564,'2YP7',2,12,'0.44106',NULL),

(565,'2YP7',2,13,'-0.62193',NULL),

(566,'2YP7',2,14,'0.63872',NULL),

(567,'2YP7',2,15,'-2.47484',NULL),

(568,'2YP7',1,1,'0.12567',NULL),

(569,'2YP7',1,2,'0.67443',NULL),

(570,'2YP7',1,3,'-0.34979',NULL),

(571,'2YP7',1,4,'-0.88759',NULL),

(572,'2YP7',1,5,'4.22226',NULL),

(573,'2YP7',1,6,'0.07669',NULL),

(574,'2YP7',1,7,'2.30307',NULL),

(575,'2YP7',1,8,'-0.65010',NULL),

(576,'2YP7',1,9,'0.62710',NULL),

(577,'1HA0',1,1,NULL,NULL),

(578,'1HA0',1,2,NULL,NULL),

(579,'1HA0',1,3,NULL,NULL),

(580,'1HA0',1,4,NULL,NULL),

(581,'1HA0',1,5,NULL,NULL),

(582,'1HA0',1,6,NULL,NULL),

(583,'1HA0',1,7,NULL,NULL),

(584,'1HA0',1,8,NULL,NULL),

(585,'1HA0',1,9,NULL,NULL),

(586,'1HA0',2,10,NULL,NULL),

(587,'1HA0',2,11,NULL,NULL),

(588,'1HA0',2,12,NULL,NULL),

(589,'1HA0',2,13,NULL,NULL),

(590,'1HA0',2,14,NULL,NULL),

(591,'1HA0',2,15,NULL,NULL),

(592,'1HA0',3,16,NULL,NULL),

(593,'1HA0',3,17,NULL,NULL),

(594,'1HA0',3,18,NULL,NULL),

(595,'1HA0',3,19,NULL,NULL),

(596,'1HA0',3,20,NULL,NULL),

(597,'1HA0',3,21,NULL,NULL),

(598,'1HA0',3,22,NULL,NULL),

(599,'1HA0',3,23,NULL,NULL),

(600,'1HA0',3,24,NULL,NULL),

(601,'1HA0',3,25,NULL,NULL),

(602,'1HA0',3,26,NULL,NULL),

(603,'1HA0',4,27,NULL,NULL),

(604,'1HA0',4,28,NULL,NULL),

(605,'1HA0',4,29,NULL,NULL),

(606,'1HA0',4,30,NULL,NULL),

(607,'1HA0',4,31,NULL,NULL),

(608,'1HA0',4,32,NULL,NULL),

(609,'1HA0',4,33,NULL,NULL),

(610,'1HA0',4,34,NULL,NULL),

(611,'1HA0',4,35,NULL,NULL),

(612,'1HA0',4,36,NULL,NULL),

(613,'1HA0',4,37,NULL,NULL),

(614,'1HA0',4,38,NULL,NULL),

(615,'1HA0',4,39,NULL,NULL),

(616,'1HA0',4,40,NULL,NULL),

(617,'1HA0',5,41,NULL,NULL),

(618,'1HA0',5,42,NULL,NULL),

(619,'1HA0',5,43,NULL,NULL),

(620,'1HA0',5,44,NULL,NULL),

(621,'1HA0',5,45,NULL,NULL),

(622,'1HA0',5,46,NULL,NULL),

(623,'1HA0',5,47,NULL,NULL),

(624,'1HA0',6,48,NULL,NULL),

(625,'1HA0',6,49,NULL,NULL),

(626,'1HA0',6,50,NULL,NULL),

(627,'1HA0',6,51,NULL,NULL),

(628,'1HA0',6,52,NULL,NULL),

(629,'1HA0',6,53,NULL,NULL),

(630,'1HA0',6,54,NULL,NULL),

(631,'1HA0',6,55,NULL,NULL),

(632,'1HA0',7,56,NULL,NULL),

(633,'1HA0',7,57,NULL,NULL),

(634,'1HA0',7,58,NULL,NULL),

(635,'1HA0',7,59,NULL,NULL),

(636,'1HA0',7,60,NULL,NULL),

(637,'1HA0',7,61,NULL,NULL),

(638,'1HA0',7,62,NULL,NULL),

(639,'1HA0',7,63,NULL,NULL),

(640,'1HA0',7,64,NULL,NULL),

(641,'1HA0',8,65,NULL,NULL),

(642,'1HA0',8,66,NULL,NULL),

(643,'1HA0',8,67,NULL,NULL),

(644,'1HA0',8,68,NULL,NULL),

(645,'1HA0',8,69,NULL,NULL),

(646,'1HA0',8,70,NULL,NULL),

(647,'1HA0',8,71,NULL,NULL),

(648,'1HA0',9,72,NULL,NULL),

(649,'1HA0',9,73,NULL,NULL),

(650,'1HA0',9,74,NULL,NULL),

(651,'1HA0',9,75,NULL,NULL),

(652,'1HA0',9,76,NULL,NULL),

(653,'1HA0',9,77,NULL,NULL),

(654,'1HA0',9,78,NULL,NULL),

(655,'1HA0',9,79,NULL,NULL),

(656,'1HA0',9,80,NULL,NULL),

(657,'1HA0',9,81,NULL,NULL),

(658,'1HA0',10,82,NULL,NULL),

(659,'1HA0',10,83,NULL,NULL),

(660,'1HA0',10,84,NULL,NULL),

(661,'1HA0',10,85,NULL,NULL),

(662,'1HA0',10,86,NULL,NULL),

(663,'1HA0',10,87,NULL,NULL),

(664,'1HA0',10,88,NULL,NULL),

(665,'1HA0',10,89,NULL,NULL),

(666,'1HA0',10,90,NULL,NULL),

(667,'1HA0',10,91,NULL,NULL),

(668,'1HA0',11,92,NULL,NULL),

(669,'1HA0',12,93,NULL,NULL),

(670,'1HA0',12,94,NULL,NULL),

(671,'1HA0',12,95,NULL,NULL),

(672,'1HA0',12,96,NULL,NULL),

(673,'1HA0',12,97,NULL,NULL),

(674,'1HA0',12,98,NULL,NULL),

(675,'1HA0',12,99,NULL,NULL),

(676,'1HA0',12,100,NULL,NULL),

(677,'1HA0',12,101,NULL,NULL),

(678,'1HA0',13,102,NULL,NULL),

(679,'1HA0',13,103,NULL,NULL),

(680,'1HA0',13,104,NULL,NULL),

(681,'1HA0',13,105,NULL,NULL),

(682,'1HA0',13,106,NULL,NULL),

(683,'1HA0',13,107,NULL,NULL),

(684,'1HA0',13,108,NULL,NULL),

(685,'1HA0',13,109,NULL,NULL),

(686,'1HA0',13,110,NULL,NULL),

(687,'1HA0',14,111,NULL,NULL),

(688,'1HA0',14,112,NULL,NULL),

(689,'1HA0',14,113,NULL,NULL),

(690,'1HA0',14,114,NULL,NULL),

(691,'1HA0',14,115,NULL,NULL),

(692,'1HA0',14,116,NULL,NULL),

(693,'1HA0',14,117,NULL,NULL),

(694,'1HA0',14,118,NULL,NULL),

(695,'1HA0',14,119,NULL,NULL),

(696,'1HA0',14,120,NULL,NULL),

(697,'1HA0',14,121,NULL,NULL),

(698,'1HA0',14,122,NULL,NULL),

(699,'1HA0',14,123,NULL,NULL),

(700,'1HA0',15,124,NULL,NULL),

(701,'1HA0',15,125,NULL,NULL),

(702,'1HA0',15,126,NULL,NULL),

(703,'1HA0',15,127,NULL,NULL),

(704,'1HA0',15,128,NULL,NULL),

(705,'1HA0',15,129,NULL,NULL),

(706,'1HA0',15,130,NULL,NULL),

(707,'1HA0',15,131,NULL,NULL),

(708,'1HA0',15,132,NULL,NULL),

(709,'1HA0',15,133,NULL,NULL),

(710,'1HA0',15,134,NULL,NULL),

(711,'1HA0',15,135,NULL,NULL),

(712,'1HA0',16,136,NULL,NULL),

(713,'1HA0',16,137,NULL,NULL),

(714,'1HA0',16,138,NULL,NULL),

(715,'1HA0',16,139,NULL,NULL),

(716,'1HA0',16,140,NULL,NULL),

(717,'1HA0',16,141,NULL,NULL),

(718,'1HA0',16,142,NULL,NULL),

(719,'1HA0',16,143,NULL,NULL),

(720,'1HA0',17,144,NULL,NULL),

(721,'1HA0',17,145,NULL,NULL),

(722,'1HA0',17,146,NULL,NULL),

(723,'1HA0',17,147,NULL,NULL),

(724,'1HA0',17,148,NULL,NULL),

(725,'1HA0',17,149,NULL,NULL),

(726,'1HA0',17,150,NULL,NULL),

(727,'1HA0',17,151,NULL,NULL),

(728,'1HA0',17,152,NULL,NULL),

(729,'1HA0',17,153,NULL,NULL),

(730,'1HA0',17,154,NULL,NULL),

(731,'1HA0',17,155,NULL,NULL),

(732,'1HA0',17,156,NULL,NULL),

(733,'1HA0',17,157,NULL,NULL),

(734,'1HA0',18,158,NULL,NULL),

(735,'1HA0',18,159,NULL,NULL),

(736,'1HA0',18,160,NULL,NULL),

(737,'1HA0',18,161,NULL,NULL),

(738,'1HA0',18,162,NULL,NULL),

(739,'1HA0',18,163,NULL,NULL),

(740,'1HA0',18,164,NULL,NULL),

(741,'1HA0',18,165,NULL,NULL),

(742,'1HA0',19,166,NULL,NULL),

(743,'1HA0',19,167,NULL,NULL),

(744,'1HA0',19,168,NULL,NULL),

(745,'1HA0',20,169,NULL,NULL),

(746,'1HA0',20,170,NULL,NULL),

(747,'1HA0',20,171,NULL,NULL),

(748,'1HA0',20,172,NULL,NULL),

(749,'1HA0',20,173,NULL,NULL),

(750,'1HA0',21,174,NULL,NULL),

(751,'1HA0',21,175,NULL,NULL),

(752,'1HA0',21,176,NULL,NULL),

(753,'1HA0',21,177,NULL,NULL),

(754,'1HA0',21,178,NULL,NULL),

(755,'1HA0',21,179,NULL,NULL),

(756,'1HA0',21,180,NULL,NULL),

(757,'1HA0',22,181,NULL,NULL),

(758,'1HA0',22,182,NULL,NULL),

(759,'1HA0',22,183,NULL,NULL),

(760,'1HA0',22,184,NULL,NULL),

(761,'1HA0',22,185,NULL,NULL),

(762,'1HA0',22,186,NULL,NULL),

(763,'1HA0',23,187,NULL,NULL),

(764,'1HA0',23,188,NULL,NULL),

(765,'1HA0',23,189,NULL,NULL),

(766,'1HA0',23,190,NULL,NULL),

(767,'1HA0',23,191,NULL,NULL),

(768,'1HA0',23,192,NULL,NULL),

(961,'1HGDt',1,1,'-1.45880',NULL),

(962,'1HGDt',1,2,'1.06420',NULL),

(963,'1HGDt',1,3,'-1.67180',NULL),

(964,'1HGDt',1,4,'-2.17740',NULL),

(965,'1HGDt',1,5,'21.08680',NULL),

(966,'1HGDt',1,6,'0.02960',NULL),

(967,'1HGDt',1,7,'-0.62960',NULL),

(968,'1HGDt',1,8,'-0.25240',NULL),

(969,'1HGDt',1,9,'1.82220',NULL),

(970,'1HGDt',2,10,'0.12360',NULL),

(971,'1HGDt',2,11,'-2.00120',NULL),

(972,'1HGDt',2,12,'0.60700',NULL),

(973,'1HGDt',2,13,'-6.86080',NULL),

(974,'1HGDt',2,14,'-1.70500',NULL),

(975,'1HGDt',2,15,'-2.71240',NULL),

(976,'1HGDt',3,16,'-0.76400',NULL),

(977,'1HGDt',3,17,'-2.00300',NULL),

(978,'1HGDt',3,18,'-0.04300',NULL),

(979,'1HGDt',3,19,'1.90640',NULL),

(980,'1HGDt',3,20,'-0.80400',NULL),

(981,'1HGDt',3,21,'7.99360',NULL),

(982,'1HGDt',3,22,'0.31520',NULL),

(983,'1HGDt',3,23,'-1.03560',NULL),

(984,'1HGDt',3,24,'-3.95000',NULL),

(985,'1HGDt',3,25,'1.07860',NULL),

(986,'1HGDt',3,26,'2.83720',NULL),

(987,'1HGDt',4,27,'-0.46280',NULL),

(988,'1HGDt',4,28,'0.82720',NULL),

(989,'1HGDt',4,29,'0.95680',NULL),

(990,'1HGDt',4,30,'-1.13960',NULL),

(991,'1HGDt',4,31,'-1.47620',NULL),

(992,'1HGDt',4,32,'0.20960',NULL),

(993,'1HGDt',4,33,'-5.46780',NULL),

(994,'1HGDt',4,34,'9.34320',NULL),

(995,'1HGDt',4,35,'-8.33940',NULL),

(996,'1HGDt',4,36,'-1.09980',NULL),

(997,'1HGDt',4,37,'-4.90420',NULL),

(998,'1HGDt',4,38,'2.07960',NULL),

(999,'1HGDt',4,39,'-0.06820',NULL),

(1000,'1HGDt',4,40,'2.25060',NULL),

(1001,'1HGDt',5,41,'0.97660',NULL),

(1002,'1HGDt',5,42,'1.90540',NULL),

(1003,'1HGDt',5,43,'17.11280',NULL),

(1004,'1HGDt',5,44,'11.07520',NULL),

(1005,'1HGDt',5,45,'-1.99000',NULL),

(1006,'1HGDt',5,46,'0.30820',NULL),

(1007,'1HGDt',5,47,'-1.43960',NULL),

(1008,'1HGDt',6,48,'2.95220',NULL),

(1009,'1HGDt',6,49,'2.84020',NULL),

(1010,'1HGDt',6,50,'0.63680',NULL),

(1011,'1HGDt',6,51,'-1.23620',NULL),

(1012,'1HGDt',6,52,'-0.49040',NULL),

(1013,'1HGDt',6,53,'1.12220',NULL),

(1014,'1HGDt',6,54,'2.59120',NULL),

(1015,'1HGDt',6,55,'-4.01520',NULL),

(1016,'1HGDt',7,56,'-0.81220',NULL),

(1017,'1HGDt',7,57,'-2.00980',NULL),

(1018,'1HGDt',7,58,'8.90040',NULL),

(1019,'1HGDt',7,59,'2.08960',NULL),

(1020,'1HGDt',7,60,'2.25620',NULL),

(1021,'1HGDt',7,61,'2.31160',NULL),

(1022,'1HGDt',7,62,'0.74360',NULL),

(1023,'1HGDt',7,63,'3.55800',NULL),

(1024,'1HGDt',7,64,'-2.85040',NULL),

(1025,'1HGDt',8,65,'-2.87120',NULL),

(1026,'1HGDt',8,66,'1.43640',NULL),

(1027,'1HGDt',8,67,'-1.79340',NULL),

(1028,'1HGDt',8,68,'-0.29500',NULL),

(1029,'1HGDt',8,69,'-2.49860',NULL),

(1030,'1HGDt',8,70,'-5.78860',NULL),

(1031,'1HGDt',8,71,'3.35960',NULL),

(1032,'1HGDt',9,72,'2.79200',NULL),

(1033,'1HGDt',9,73,'0.61880',NULL),

(1034,'1HGDt',9,74,'-0.81280',NULL),

(1035,'1HGDt',9,75,'-4.38800',NULL),

(1036,'1HGDt',9,76,'-2.16660',NULL),

(1037,'1HGDt',9,77,'-10.25620',NULL),

(1038,'1HGDt',9,78,'21.40800',NULL),

(1039,'1HGDt',9,79,'-2.15260',NULL),

(1040,'1HGDt',9,80,'2.38020',NULL),

(1041,'1HGDt',9,81,'0.65600',NULL),

(1042,'1HGDt',10,82,'-1.74340',NULL),

(1043,'1HGDt',10,83,'3.12220',NULL),

(1044,'1HGDt',10,84,'-2.77120',NULL),

(1045,'1HGDt',10,85,'0.21080',NULL),

(1046,'1HGDt',10,86,'-1.19940',NULL),

(1047,'1HGDt',10,87,'9.61700',NULL),

(1048,'1HGDt',10,88,'-15.71980',NULL),

(1049,'1HGDt',10,89,'0.41380',NULL),

(1050,'1HGDt',10,90,'-4.79420',NULL),

(1051,'1HGDt',10,91,'-2.70740',NULL),

(1052,'1HGDt',11,92,'3.80940',NULL),

(1053,'1HGDt',12,93,'-3.34040',NULL),

(1054,'1HGDt',12,94,'0.75080',NULL),

(1055,'1HGDt',12,95,'3.19620',NULL),

(1056,'1HGDt',12,96,'-9.46060',NULL),

(1057,'1HGDt',12,97,'3.00600',NULL),

(1058,'1HGDt',12,98,'0.89220',NULL),

(1059,'1HGDt',12,99,'0.93140',NULL),

(1060,'1HGDt',12,100,'3.65500',NULL),

(1061,'1HGDt',12,101,'0.55480',NULL),

(1062,'1HGDt',13,102,'-2.06220',NULL),

(1063,'1HGDt',13,103,'1.83100',NULL),

(1064,'1HGDt',13,104,'-3.18260',NULL),

(1065,'1HGDt',13,105,'-2.54980',NULL),

(1066,'1HGDt',13,106,'1.92000',NULL),

(1067,'1HGDt',13,107,'-0.89240',NULL),

(1068,'1HGDt',13,108,'-1.20360',NULL),

(1069,'1HGDt',13,109,'-1.95060',NULL),

(1070,'1HGDt',13,110,'0.18320',NULL),

(1071,'1HGDt',14,111,'0.66480',NULL),

(1072,'1HGDt',14,112,'3.11160',NULL),

(1073,'1HGDt',14,113,'-0.99840',NULL),

(1074,'1HGDt',14,114,'3.26080',NULL),

(1075,'1HGDt',14,115,'-3.07040',NULL),

(1076,'1HGDt',14,116,'-0.65220',NULL),

(1077,'1HGDt',14,117,'3.71540',NULL),

(1078,'1HGDt',14,118,'-0.04740',NULL),

(1079,'1HGDt',14,119,'0.59680',NULL),

(1080,'1HGDt',14,120,'1.62760',NULL),

(1081,'1HGDt',14,121,'-0.70660',NULL),

(1082,'1HGDt',14,122,'0.46600',NULL),

(1083,'1HGDt',14,123,'-0.26980',NULL),

(1084,'1HGDt',15,124,'2.33660',NULL),

(1085,'1HGDt',15,125,'1.56960',NULL),

(1086,'1HGDt',15,126,'1.30180',NULL),

(1087,'1HGDt',15,127,'0.97060',NULL),

(1088,'1HGDt',15,128,'-0.04460',NULL),

(1089,'1HGDt',15,129,'6.41800',NULL),

(1090,'1HGDt',15,130,'-0.31540',NULL),

(1091,'1HGDt',15,131,'7.11360',NULL),

(1092,'1HGDt',15,132,'-0.92180',NULL),

(1093,'1HGDt',15,133,'0.68260',NULL),

(1094,'1HGDt',15,134,'6.89260',NULL),

(1095,'1HGDt',15,135,'-0.64120',NULL),

(1096,'1HGDt',16,136,'-1.63400',NULL),

(1097,'1HGDt',16,137,'0.42680',NULL),

(1098,'1HGDt',16,138,'-0.57700',NULL),

(1099,'1HGDt',16,139,'4.07460',NULL),

(1100,'1HGDt',16,140,'1.08760',NULL),

(1101,'1HGDt',16,141,'-4.91960',NULL),

(1102,'1HGDt',16,142,'2.71880',NULL),

(1103,'1HGDt',16,143,'-6.22380',NULL),

(1104,'1HGDt',17,144,'6.48800',NULL),

(1105,'1HGDt',17,145,'-2.31720',NULL),

(1106,'1HGDt',17,146,'0.85860',NULL),

(1107,'1HGDt',17,147,'-10.01200',NULL),

(1108,'1HGDt',17,148,'-0.93000',NULL),

(1109,'1HGDt',17,149,'1.16220',NULL),

(1110,'1HGDt',17,150,'-2.71380',NULL),

(1111,'1HGDt',17,151,'-0.44740',NULL),

(1112,'1HGDt',17,152,'4.75980',NULL),

(1113,'1HGDt',17,153,'-1.58380',NULL),

(1114,'1HGDt',17,154,'-0.33020',NULL),

(1115,'1HGDt',17,155,'1.56280',NULL),

(1116,'1HGDt',17,156,'7.48760',NULL),

(1117,'1HGDt',17,157,'0.33980',NULL),

(1118,'1HGDt',18,158,'0.98240',NULL),

(1119,'1HGDt',18,159,'-2.63560',NULL),

(1120,'1HGDt',18,160,'-1.92260',NULL),

(1121,'1HGDt',18,161,'3.01860',NULL),

(1122,'1HGDt',18,162,'-7.85420',NULL),

(1123,'1HGDt',18,163,'-3.41580',NULL),

(1124,'1HGDt',18,164,'1.62620',NULL),

(1125,'1HGDt',18,165,'-4.83660',NULL),

(1126,'1HGDt',19,166,'-0.06920',NULL),

(1127,'1HGDt',19,167,'-1.69740',NULL),

(1128,'1HGDt',19,168,'0.66540',NULL),

(1129,'1HGDt',20,169,'1.32020',NULL),

(1130,'1HGDt',20,170,'0.97580',NULL),

(1131,'1HGDt',20,171,'4.46480',NULL),

(1132,'1HGDt',20,172,'1.57500',NULL),

(1133,'1HGDt',20,173,'-0.70940',NULL),

(1134,'1HGDt',21,174,'1.47720',NULL),

(1135,'1HGDt',21,175,'-3.37060',NULL),

(1136,'1HGDt',21,176,'-3.25620',NULL),

(1137,'1HGDt',21,177,'-4.73800',NULL),

(1138,'1HGDt',21,178,'-1.58680',NULL),

(1139,'1HGDt',21,179,'-0.40840',NULL),

(1140,'1HGDt',21,180,'0.05880',NULL),

(1141,'1HGDt',22,181,'-3.62120',NULL),

(1142,'1HGDt',22,182,'-0.45200',NULL),

(1143,'1HGDt',22,183,'-1.54360',NULL),

(1144,'1HGDt',22,184,'0.70780',NULL),

(1145,'1HGDt',22,185,'3.22560',NULL),

(1146,'1HGDt',22,186,'0.73320',NULL),

(1147,'1HGDt',23,187,'-2.63040',NULL),

(1148,'1HGDt',23,188,'3.15880',NULL),

(1149,'1HGDt',23,189,'1.26620',NULL),

(1150,'1HGDt',23,190,'0.21000',NULL),

(1151,'1HGDt',23,191,'-2.46900',NULL),

(1152,'1HGDt',23,192,'1.88560',NULL);

/*Table structure for table `foldx_pdb_transitions` */

CREATE TABLE `foldx_pdb_transitions` (
  `id` int(11) NOT NULL AUTO_INCREMENT,
  `pdb` varchar(255) DEFAULT NULL,
  `transition_id` int(11) DEFAULT NULL,
  `direction` varchar(255) DEFAULT NULL,
  `position` int(11) DEFAULT NULL,
  `energy_change` decimal(11,5) DEFAULT NULL,
  `energy_change_reverse` decimal(11,5) DEFAULT NULL,
  PRIMARY KEY (`id`)
) ENGINE=InnoDB AUTO_INCREMENT=139 DEFAULT CHARSET=latin1;

/*Data for the table `foldx_pdb_transitions` */

insert  into `foldx_pdb_transitions`(`id`,`pdb`,`transition_id`,`direction`,`position`,`energy_change`,`energy_change_reverse`) values 

(1,'1HGD',1,'forward',0,'6.18087',NULL),

(2,'1HGD',2,'forward',1,'-3.02410',NULL),

(3,'1HGD',3,'forward',2,'-2.00330',NULL),

(4,'1HGD',4,'forward',3,'-2.11755',NULL),

(5,'1HGD',5,'forward',4,'8.70252',NULL),

(6,'1HGD',6,'forward',5,'2.12539',NULL),

(7,'1HGD',7,'forward',6,'2.26526',NULL),

(8,'1HGD',8,'forward',7,'-1.02222',NULL),

(9,'1HGD',9,'forward',8,'7.90402',NULL),

(10,'1HGD',10,'forward',9,'-14.06032',NULL),

(11,'1HGD',11,'forward',10,'1.24999',NULL),

(12,'1HGD',12,'forward',11,'-0.92619',NULL),

(13,'1HGD',13,'forward',12,'-3.12833',NULL),

(14,'1HGD',14,'forward',13,'1.86491',NULL),

(15,'1HGD',15,'forward',14,'8.18650',NULL),

(16,'1HGD',16,'forward',15,'-2.54205',NULL),

(17,'1HGD',17,'forward',16,'1.85330',NULL),

(18,'1HGD',18,'forward',17,'-5.56958',NULL),

(19,'1HGD',19,'forward',18,'-0.33269',NULL),

(20,'1HGD',20,'forward',19,'2.32601',NULL),

(21,'1HGD',21,'forward',20,'-4.02793',NULL),

(22,'1HGD',22,'forward',21,'-0.46426',NULL),

(23,'1HGD',23,'forward',22,'0.75012',NULL),

(24,'2YP2',20,'forward',0,'4.22158',NULL),

(25,'2YP2',21,'forward',1,'-5.67266',NULL),

(26,'2YP2',22,'forward',2,'0.45209',NULL),

(27,'2YP2',23,'forward',3,'-0.15754',NULL),

(28,'2YP7',23,'forward',0,'-0.19526',NULL),

(29,'2YP2',19,'backward',0,NULL,'2.26596'),

(30,'2YP2',18,'backward',1,NULL,'1.33387'),

(31,'2YP2',17,'backward',2,NULL,'0.11179'),

(32,'2YP2',16,'backward',3,NULL,'1.78701'),

(33,'2YP2',15,'backward',4,NULL,'-1.67254'),

(34,'2YP2',14,'backward',5,NULL,'-2.62145'),

(35,'2YP2',13,'backward',6,NULL,'4.30995'),

(36,'2YP2',12,'backward',7,NULL,'-1.59572'),

(37,'2YP2',11,'backward',8,NULL,'-1.00678'),

(38,'2YP2',10,'backward',9,NULL,'5.26905'),

(39,'2YP2',9,'backward',10,NULL,'1.21332'),

(40,'2YP2',8,'backward',11,NULL,'-0.34096'),

(41,'2YP2',7,'backward',12,NULL,'-1.03979'),

(42,'2YP2',6,'backward',13,NULL,'0.65835'),

(43,'2YP2',5,'backward',14,NULL,'-0.15775'),

(44,'2YP2',4,'backward',15,NULL,'1.64540'),

(45,'2YP2',3,'backward',16,NULL,'-5.60767'),

(46,'2YP2',2,'backward',17,NULL,'1.32823'),

(47,'2YP2',1,'backward',18,NULL,'-5.77880'),

(48,'2YP7',22,'backward',0,NULL,'0.50364'),

(49,'2YP7',21,'backward',1,NULL,'4.56010'),

(50,'2YP7',20,'backward',2,NULL,'-4.31205'),

(51,'2YP7',19,'backward',3,NULL,'1.57398'),

(52,'2YP7',18,'backward',4,NULL,'4.15910'),

(53,'2YP7',17,'backward',5,NULL,'-3.89193'),

(54,'2YP7',16,'backward',6,NULL,'2.01417'),

(55,'2YP7',15,'backward',7,NULL,'-1.74685'),

(56,'2YP7',14,'backward',8,NULL,'-3.23804'),

(57,'2YP7',13,'backward',9,NULL,'4.93847'),

(58,'2YP7',12,'backward',10,NULL,'1.85878'),

(59,'2YP7',11,'backward',11,NULL,'-0.91234'),

(60,'2YP7',10,'backward',12,NULL,'7.10807'),

(61,'2YP7',9,'backward',13,NULL,'-4.60015'),

(62,'2YP7',8,'backward',14,NULL,'1.96407'),

(63,'2YP7',7,'backward',15,NULL,'-0.76948'),

(64,'2YP7',6,'backward',16,NULL,'-0.40720'),

(65,'2YP7',5,'backward',17,NULL,'-0.46332'),

(66,'2YP7',4,'backward',18,NULL,'3.59268'),

(67,'2YP7',3,'backward',19,NULL,'-4.37245'),

(68,'2YP7',2,'backward',20,NULL,'2.49588'),

(69,'2YP7',1,'backward',21,NULL,'-7.22117'),

(70,'1HA0',1,'forward',0,NULL,NULL),

(71,'1HA0',2,'forward',1,NULL,NULL),

(72,'1HA0',3,'forward',2,NULL,NULL),

(73,'1HA0',4,'forward',3,NULL,NULL),

(74,'1HA0',5,'forward',4,NULL,NULL),

(75,'1HA0',6,'forward',5,NULL,NULL),

(76,'1HA0',7,'forward',6,NULL,NULL),

(77,'1HA0',8,'forward',7,NULL,NULL),

(78,'1HA0',9,'forward',8,NULL,NULL),

(79,'1HA0',10,'forward',9,NULL,NULL),

(80,'1HA0',11,'forward',10,NULL,NULL),

(81,'1HA0',12,'forward',11,NULL,NULL),

(82,'1HA0',13,'forward',12,NULL,NULL),

(83,'1HA0',14,'forward',13,NULL,NULL),

(84,'1HA0',15,'forward',14,NULL,NULL),

(85,'1HA0',16,'forward',15,NULL,NULL),

(86,'1HA0',17,'forward',16,NULL,NULL),

(87,'1HA0',18,'forward',17,NULL,NULL),

(88,'1HA0',19,'forward',18,NULL,NULL),

(89,'1HA0',20,'forward',19,NULL,NULL),

(90,'1HA0',21,'forward',20,NULL,NULL),

(91,'1HA0',22,'forward',21,NULL,NULL),

(92,'1HA0',23,'forward',22,NULL,NULL),

(116,'1HGDt',1,'forward',0,'18.68480',NULL),

(117,'1HGDt',2,'forward',1,'-15.01780',NULL),

(118,'1HGDt',3,'forward',2,'3.22580',NULL),

(119,'1HGDt',4,'forward',3,'-7.03980',NULL),

(120,'1HGDt',5,'forward',4,'25.35220',NULL),

(121,'1HGDt',6,'forward',5,'1.03160',NULL),

(122,'1HGDt',7,'forward',6,'13.28080',NULL),

(123,'1HGDt',8,'forward',7,'-4.04720',NULL),

(124,'1HGDt',9,'forward',8,'1.28000',NULL),

(125,'1HGDt',10,'forward',9,'-19.42560',NULL),

(126,'1HGDt',11,'forward',10,'3.80940',NULL),

(127,'1HGDt',12,'forward',11,'-3.26580',NULL),

(128,'1HGDt',13,'forward',12,'-8.26580',NULL),

(129,'1HGDt',14,'forward',13,'6.80320',NULL),

(130,'1HGDt',15,'forward',14,'21.52580',NULL),

(131,'1HGDt',16,'forward',15,'-5.23860',NULL),

(132,'1HGDt',17,'forward',16,'2.51000',NULL),

(133,'1HGDt',18,'forward',17,'-20.48780',NULL),

(134,'1HGDt',19,'forward',18,'-1.19840',NULL),

(135,'1HGDt',20,'forward',19,'7.96600',NULL),

(136,'1HGDt',21,'forward',20,'-11.30960',NULL),

(137,'1HGDt',22,'forward',21,'-0.95300',NULL),

(138,'1HGDt',23,'forward',22,'1.26920',NULL);

/*Table structure for table `foldx_pdbs` */

CREATE TABLE `foldx_pdbs` (
  `id` int(11) NOT NULL AUTO_INCREMENT,
  `pdb` char(4) DEFAULT NULL,
  `sequence` text,
  `closest_strain` int(11) DEFAULT NULL,
  `mutations` text,
  `original_energy` decimal(11,5) DEFAULT NULL,
  `starting_energy` decimal(11,5) DEFAULT NULL,
  PRIMARY KEY (`id`)
) ENGINE=InnoDB AUTO_INCREMENT=5 DEFAULT CHARSET=latin1;

/*Data for the table `foldx_pdbs` */

insert  into `foldx_pdbs`(`id`,`pdb`,`sequence`,`closest_strain`,`mutations`,`original_energy`,`starting_energy`) values 

(1,'1HGD','QDLPGNDNSTATLCLGHHAVPNGTLVKTITDDQIEVTNATELVQSSSTGKICNNPHRILDGIDCTLIDALLGDPHCDVFQNETWDLFVERSKAFSNCYPYDVPDYASLRSLVASSGTLEFITEGFTWTGVTQNGRSNACKRGPGSGFFSRLNWLTKSGSTYPVLNVTMPNNDNFDKLYIWGIHHPSTNQEQTSLYVQASGRVTVSTRRSQQTIIPNIGSRPWVRGLSSRISIYWTIVKPGDVLVINSNGNLIAPRGYFKMRTGKSSIMRSDAPIDTCISECITPNGSIPNDKPFQNVNKITYGACPKYVKQNTLKLATGMRNVPEKQT',1,'[\"R135G\",\"I182V\"]',NULL,NULL),

(2,'2YP2','NSTATLCLGHHAVPNGTIVKTITNDQIEVTNATELVQSSSTGGICDSPHQILDGENCTLIDALLGDPQCDGFQNKKWDLFVERSKAYSNCYPYDVPDYASLRSLVASSGTLEFNNESFNWTGVTQNGTSSACKRRSNNSFFSRLNWLTHLKFKYPALNVTMPNNEKFDKLYIWGVHHPGTDNDQISLYAQASGRITVSTKRSQQTVIPNIGSRPRVRDIPSRISIYWTIVKPGDILLINSTGNLIAPRGYFKIRSGKSSIMRSDAPIGKCNSECITPNGSIPNDKPFQNVNRITYGACPRYVKQNTLKLATGMRNVPEKQT-----AIAGFIENGWEGMVDGWYGFRHQNSEGIGQAADLKSTQAAINQINGKLNRLIGKTNEKFHQIEKEFSEVEGRIQDLEKYVEDTKIDLWSYNAELLVALENQHTIDLTDSEMNKLFERTKKQLRENAEDMGNGCFKIYHKCDNACIGSIRNGTYDHDVYRDEALNNRFQIK',20,'[\"N7D\",\"N145K\",\"I226V\"]',NULL,NULL),

(3,'2YP7','NSTATLCLGHHAVPNGTIVKTITNDQIEVTNATELVQSSSTGGICDSPHQILDGENCTLIDALLGDPQCDGFQNKKWDLFVERSKAYSNCYPYDVPDYASLRSLVASSGTLEFNNESFNWTGVTQNGTSSACKRKSNNSFFSRLNWLTHLKFKYPALNVTMPNNEKFDKLYIWGVHHPGTDNDQIFLYAQASGRITVSTKRSQQTVIPNIGSRPRVRNIPSRISIYWTIVKPGDILLINSTGNLIAPRGYFKIRSGKSSIMRSDAPIGKCNSECITPNGSIPNDKPFQNVNRITYGACPRYVKQNTLKLATGMRNVPEKQ------AIAGFIENGWEGMVDGWYGFRHQNSEGIGQAADLKSTQAAINQINGKLNRLIGKTNEKFHQIEKEFSEVEGRIQDLEKYVEDTKIDLWSYNAELLVALENQHTIDLTDSEMNKLFERTKKQLRENAEDMGNGCFKIYHKCDNACIGSIRNGTYDHDVYRDEALNNRFQIK',23,'[\"N7D\",\"G50E\",\"K140I\",\"K142R\"]',NULL,NULL),

(4,'1HA0','STATLCLGHHAVPNGTLVKTITDDQIEVTNATELVQSSSTGKICNNPHRILDGIDCTLIDALLGDPHCDVFQNETWDLFVERSKAFSNCYPYDVPDYASLRSLVASSGTLEFITEGFTWTGVTQNGGSNACKRGPGSGFFSRLNWLTKSGSTYPVLNVTMPNNDNFDKLYIWGIHHPSTNQEQTSLYVQASGRVTVSTRRSQQTIIPNIGSRPWVRGLSSRISIYWTIVKPGDVLVINSNGNLIAPRGYFKMRTGKSSIMRSDAPIDTCISECITPNGSIPNDKPFQNVNKITYGACPKYVKQNTLKLATGMRNVPEKQTQGLFGAIAGFIENGWEGMIDGWYGFRHQNSEGTGQAADLKSTQAAIDQINGKLNRVIEKTNEKFHQIEKEFSEVEGRIQDLEKYVEDTKIDLWSYNAELLVALENQHTIDLTDSEMNKLFEKTRRQLRENAEEMGNGCFKIYHKCDNACIESIRNGTYDHDVYRNEALNNRFQI',1,'[\"I182V\"]',NULL,NULL);

/*Table structure for table `foldx_single_mutations` */

CREATE TABLE `foldx_single_mutations` (
  `id` int(11) NOT NULL AUTO_INCREMENT,
  `transition_id` int(11) DEFAULT NULL,
  `from_strain` int(11) DEFAULT NULL,
  `to_strain` int(11) DEFAULT NULL,
  `residue_number` int(11) DEFAULT NULL,
  `from_residue` char(1) DEFAULT NULL,
  `to_residue` char(1) DEFAULT NULL,
  PRIMARY KEY (`id`)
) ENGINE=InnoDB AUTO_INCREMENT=193 DEFAULT CHARSET=latin1;

/*Data for the table `foldx_single_mutations` */

insert  into `foldx_single_mutations`(`id`,`transition_id`,`from_strain`,`to_strain`,`residue_number`,`from_residue`,`to_residue`) values 

(1,1,1,2,31,'D','N'),

(2,1,1,2,78,'V','G'),

(3,1,1,2,122,'T','N'),

(4,1,1,2,144,'G','D'),

(5,1,1,2,155,'T','Y'),

(6,1,1,2,207,'R','K'),

(7,1,1,2,208,'R','G'),

(8,1,1,2,242,'V','I'),

(9,1,1,2,275,'D','G'),

(10,2,2,3,3,'L','F'),

(11,2,2,3,63,'D','N'),

(12,2,2,3,160,'T','A'),

(13,2,2,3,188,'N','D'),

(14,2,2,3,193,'S','N'),

(15,2,2,3,208,'G','R'),

(16,3,3,4,3,'F','L'),

(17,3,3,4,83,'T','K'),

(18,3,3,4,126,'T','N'),

(19,3,3,4,137,'N','S'),

(20,3,3,4,160,'A','T'),

(21,3,3,4,164,'L','Q'),

(22,3,3,4,174,'F','S'),

(23,3,3,4,189,'Q','K'),

(24,3,3,4,201,'R','K'),

(25,3,3,4,217,'I','V'),

(26,3,3,4,278,'I','S'),

(27,4,4,5,2,'D','N'),

(28,4,4,5,50,'K','R'),

(29,4,4,5,53,'N','D'),

(30,4,4,5,54,'N','S'),

(31,4,4,5,62,'I','K'),

(32,4,4,5,137,'S','Y'),

(33,4,4,5,145,'S','N'),

(34,4,4,5,158,'G','E'),

(35,4,4,5,164,'Q','L'),

(36,4,4,5,172,'D','G'),

(37,4,4,5,174,'S','F'),

(38,4,4,5,201,'K','R'),

(39,4,4,5,244,'V','L'),

(40,4,4,5,260,'M','I'),

(41,5,5,6,133,'N','S'),

(42,5,5,6,143,'P','S'),

(43,5,5,6,146,'G','S'),

(44,5,5,6,156,'K','E'),

(45,5,5,6,160,'T','K'),

(46,5,5,6,197,'Q','R'),

(47,5,5,6,217,'V','I'),

(48,6,6,7,138,'A','T'),

(49,6,6,7,144,'D','N'),

(50,6,6,7,173,'N','K'),

(51,6,6,7,182,'V','I'),

(52,6,6,7,196,'V','I'),

(53,6,6,7,213,'I','V'),

(54,6,6,7,248,'N','T'),

(55,6,6,7,307,'K','R'),

(56,7,7,8,2,'N','K'),

(57,7,7,8,138,'T','A'),

(58,7,7,8,144,'N','V'),

(59,7,7,8,163,'V','A'),

(60,7,7,8,182,'I','V'),

(61,7,7,8,186,'S','I'),

(62,7,7,8,196,'I','V'),

(63,7,7,8,226,'L','Q'),

(64,7,7,8,248,'T','I'),

(65,8,8,9,88,'V','I'),

(66,8,8,9,138,'A','T'),

(67,8,8,9,159,'S','Y'),

(68,8,8,9,186,'I','S'),

(69,8,8,9,188,'D','E'),

(70,8,8,9,226,'Q','L'),

(71,8,8,9,248,'I','T'),

(72,9,9,10,88,'I','V'),

(73,9,9,10,94,'F','Y'),

(74,9,9,10,124,'G','D'),

(75,9,9,10,138,'T','A'),

(76,9,9,10,155,'Y','H'),

(77,9,9,10,156,'E','K'),

(78,9,9,10,185,'P','R'),

(79,9,9,10,186,'S','V'),

(80,9,9,10,188,'E','D'),

(81,9,9,10,189,'K','R'),

(82,10,10,11,82,'E','K'),

(83,10,10,11,83,'K','E'),

(84,10,10,11,131,'T','A'),

(85,10,10,11,135,'G','E'),

(86,10,10,11,145,'N','K'),

(87,10,10,11,156,'K','E'),

(88,10,10,11,185,'R','P'),

(89,10,10,11,186,'V','S'),

(90,10,10,11,193,'N','K'),

(91,10,10,11,299,'K','R'),

(92,11,11,12,193,'K','N'),

(93,12,12,13,133,'S','D'),

(94,12,12,13,135,'E','G'),

(95,12,12,13,145,'K','N'),

(96,12,12,13,156,'E','K'),

(97,12,12,13,190,'E','D'),

(98,12,12,13,193,'N','S'),

(99,12,12,13,214,'I','T'),

(100,12,12,13,226,'L','Q'),

(101,12,12,13,262,'T','N'),

(102,13,13,14,47,'S','P'),

(103,13,13,14,124,'D','N'),

(104,13,13,14,135,'G','K'),

(105,13,13,14,157,'S','L'),

(106,13,13,14,189,'R','S'),

(107,13,13,14,214,'T','I'),

(108,13,13,14,216,'N','D'),

(109,13,13,14,219,'S','Y'),

(110,13,13,14,276,'T','N'),

(111,14,14,15,47,'P','S'),

(112,14,14,15,121,'I','T'),

(113,14,14,15,124,'N','G'),

(114,14,14,15,135,'K','T'),

(115,14,14,15,145,'N','K'),

(116,14,14,15,172,'G','D'),

(117,14,14,15,194,'L','I'),

(118,14,14,15,197,'R','Q'),

(119,14,14,15,216,'D','N'),

(120,14,14,15,219,'Y','S'),

(121,14,14,15,226,'Q','I'),

(122,14,14,15,262,'N','S'),

(123,14,14,15,278,'S','N'),

(124,15,15,16,3,'L','I'),

(125,15,15,16,62,'K','E'),

(126,15,15,16,121,'T','N'),

(127,15,15,16,124,'G','S'),

(128,15,15,16,133,'D','N'),

(129,15,15,16,142,'G','S'),

(130,15,15,16,144,'V','I'),

(131,15,15,16,156,'K','Q'),

(132,15,15,16,158,'E','K'),

(133,15,15,16,196,'V','A'),

(134,15,15,16,233,'Y','H'),

(135,15,15,16,276,'N','K'),

(136,16,16,17,3,'I','L'),

(137,16,16,17,57,'R','Q'),

(138,16,16,17,137,'Y','S'),

(139,16,16,17,142,'S','R'),

(140,16,16,17,160,'K','R'),

(141,16,16,17,194,'I','L'),

(142,16,16,17,196,'A','T'),

(143,16,16,17,233,'H','Y'),

(144,17,17,18,50,'R','G'),

(145,17,17,18,83,'E','K'),

(146,17,17,18,96,'N','S'),

(147,17,17,18,144,'I','N'),

(148,17,17,18,160,'R','K'),

(149,17,17,18,172,'D','E'),

(150,17,17,18,186,'S','V'),

(151,17,17,18,192,'T','I'),

(152,17,17,18,194,'L','I'),

(153,17,17,18,196,'T','A'),

(154,17,17,18,202,'V','I'),

(155,17,17,18,222,'W','R'),

(156,17,17,18,225,'G','D'),

(157,17,17,18,226,'I','V'),

(158,18,18,19,25,'L','I'),

(159,18,18,19,75,'H','Q'),

(160,18,18,19,96,'S','N'),

(161,18,18,19,131,'A','T'),

(162,18,18,19,155,'H','T'),

(163,18,18,19,156,'Q','H'),

(164,18,18,19,186,'V','G'),

(165,18,18,19,194,'I','L'),

(166,19,19,20,159,'Y','F'),

(167,19,19,20,189,'S','N'),

(168,19,19,20,227,'S','P'),

(169,20,20,21,138,'A','S'),

(170,20,20,21,145,'K','N'),

(171,20,20,21,188,'D','N'),

(172,20,20,21,196,'A','T'),

(173,20,20,21,226,'V','I'),

(174,21,21,22,122,'N','D'),

(175,21,21,22,186,'G','V'),

(176,21,21,22,188,'N','D'),

(177,21,21,22,193,'S','F'),

(178,21,21,22,196,'T','A'),

(179,21,21,22,223,'V','I'),

(180,21,21,22,225,'D','N'),

(181,22,22,23,50,'G','E'),

(182,22,22,23,122,'D','N'),

(183,22,22,23,138,'S','A'),

(184,22,22,23,140,'K','I'),

(185,22,22,23,186,'V','G'),

(186,22,22,23,223,'I','V'),

(187,23,23,24,62,'E','K'),

(188,23,23,24,144,'N','K'),

(189,23,23,24,158,'K','N'),

(190,23,23,24,173,'K','Q'),

(191,23,23,24,189,'N','K'),

(192,23,23,24,214,'I','S');

/*Table structure for table `foldx_strain_transitions` */

CREATE TABLE `foldx_strain_transitions` (
  `id` int(11) NOT NULL AUTO_INCREMENT,
  `from_strain` int(11) DEFAULT NULL,
  `to_strain` int(11) DEFAULT NULL,
  `mutations` text,
  `position` int(11) DEFAULT NULL,
  PRIMARY KEY (`id`)
) ENGINE=InnoDB AUTO_INCREMENT=24 DEFAULT CHARSET=latin1;

/*Data for the table `foldx_strain_transitions` */

insert  into `foldx_strain_transitions`(`id`,`from_strain`,`to_strain`,`mutations`,`position`) values 

(1,1,2,'[\"D31N\",\"V78G\",\"T122N\",\"G144D\",\"T155Y\",\"R207K\",\"R208G\",\"V242I\",\"D275G\"]',0),

(2,2,3,'[\"L3F\",\"D63N\",\"T160A\",\"N188D\",\"S193N\",\"G208R\"]',1),

(3,3,4,'[\"F3L\",\"T83K\",\"T126N\",\"N137S\",\"A160T\",\"L164Q\",\"F174S\",\"Q189K\",\"R201K\",\"I217V\",\"I278S\"]',2),

(4,4,5,'[\"D2N\",\"K50R\",\"N53D\",\"N54S\",\"I62K\",\"S137Y\",\"S145N\",\"G158E\",\"Q164L\",\"D172G\",\"S174F\",\"K201R\",\"V244L\",\"M260I\"]',3),

(5,5,6,'[\"N133S\",\"P143S\",\"G146S\",\"K156E\",\"T160K\",\"Q197R\",\"V217I\"]',4),

(6,6,7,'[\"A138T\",\"D144N\",\"N173K\",\"V182I\",\"V196I\",\"I213V\",\"N248T\",\"K307R\"]',5),

(7,7,8,'[\"N2K\",\"T138A\",\"N144V\",\"V163A\",\"I182V\",\"S186I\",\"I196V\",\"L226Q\",\"T248I\"]',6),

(8,8,9,'[\"V88I\",\"A138T\",\"S159Y\",\"I186S\",\"D188E\",\"Q226L\",\"I248T\"]',7),

(9,9,10,'[\"I88V\",\"F94Y\",\"G124D\",\"T138A\",\"Y155H\",\"E156K\",\"P185R\",\"S186V\",\"E188D\",\"K189R\"]',8),

(10,10,11,'[\"E82K\",\"K83E\",\"T131A\",\"G135E\",\"N145K\",\"K156E\",\"R185P\",\"V186S\",\"N193K\",\"K299R\"]',9),

(11,11,12,'[\"K193N\"]',10),

(12,12,13,'[\"S133D\",\"E135G\",\"K145N\",\"E156K\",\"E190D\",\"N193S\",\"I214T\",\"L226Q\",\"T262N\"]',11),

(13,13,14,'[\"S47P\",\"D124N\",\"G135K\",\"S157L\",\"R189S\",\"T214I\",\"N216D\",\"S219Y\",\"T276N\"]',12),

(14,14,15,'[\"P47S\",\"I121T\",\"N124G\",\"K135T\",\"N145K\",\"G172D\",\"L194I\",\"R197Q\",\"D216N\",\"Y219S\",\"Q226I\",\"N262S\",\"S278N\"]',13),

(15,15,16,'[\"L3I\",\"K62E\",\"T121N\",\"G124S\",\"D133N\",\"G142S\",\"V144I\",\"K156Q\",\"E158K\",\"V196A\",\"Y233H\",\"N276K\"]',14),

(16,16,17,'[\"I3L\",\"R57Q\",\"Y137S\",\"S142R\",\"K160R\",\"I194L\",\"A196T\",\"H233Y\"]',15),

(17,17,18,'[\"R50G\",\"E83K\",\"N96S\",\"I144N\",\"R160K\",\"D172E\",\"S186V\",\"T192I\",\"L194I\",\"T196A\",\"V202I\",\"W222R\",\"G225D\",\"I226V\"]',16),

(18,18,19,'[\"L25I\",\"H75Q\",\"S96N\",\"A131T\",\"H155T\",\"Q156H\",\"V186G\",\"I194L\"]',17),

(19,19,20,'[\"Y159F\",\"S189N\",\"S227P\"]',18),

(20,20,21,'[\"A138S\",\"K145N\",\"D188N\",\"A196T\",\"V226I\"]',19),

(21,21,22,'[\"N122D\",\"G186V\",\"N188D\",\"S193F\",\"T196A\",\"V223I\",\"D225N\"]',20),

(22,22,23,'[\"G50E\",\"D122N\",\"S138A\",\"K140I\",\"V186G\",\"I223V\"]',21),

(23,23,24,'[\"E62K\",\"N144K\",\"K158N\",\"K173Q\",\"N189K\",\"I214S\"]',22);

/*Table structure for table `foldx_strains` */

CREATE TABLE `foldx_strains` (
  `id` int(11) NOT NULL AUTO_INCREMENT,
  `strain_name` varchar(255) DEFAULT NULL,
  `ha1_sequence` text,
  `ha2_sequence` text,
  `position` int(11) DEFAULT NULL,
  PRIMARY KEY (`id`)
) ENGINE=InnoDB AUTO_INCREMENT=25 DEFAULT CHARSET=latin1;

/*Data for the table `foldx_strains` */

insert  into `foldx_strains`(`id`,`strain_name`,`ha1_sequence`,`ha2_sequence`,`position`) values 

(1,'A/Hong Kong/1/1968','QDLPGNDNSTATLCLGHHAVPNGTLVKTITDDQIEVTNATELVQSSSTGKICNNPHRILDGIDCTLIDALLGDPHCDVFQNETWDLFVERSKAFSNCYPYDVPDYASLRSLVASSGTLEFITEGFTWTGVTQNGGSNACKRGPGSGFFSRLNWLTKSGSTYPVLNVTMPNNDNFDKLYIWGVHHPSTNQEQTSLYVQASGRVTVSTRRSQQTIIPNIGSRPWVRGLSSRISIYWTIVKPGDVLVINSNGNLIAPRGYFKMRTGKSSIMRSDAPIDTCISECITPNGSIPNDKPFQNVNKITYGACPKYVKQNTLKLATGMRNVPEKQ','GLFGAIAGFIENGWEGMIDGWYGFRHQNSEGTGQAADLKSTQAAIDQINGKLNRVIEKTNEKFHQIEKEFSEVEGRIQDLEKYVEDTKIDLWSYNAELLVALENQHTIDLTDSEMNKLFEKTRRQLRENAEDMGNGCFKIYHKCDNACIESIRNGTYDHDVYRDEALNNRFQIKG',0),

(2,'A/England/42/1972','QDLPGNDNSTATLCLGHHAVPNGTLVKTITNDQIEVTNATELVQSSSTGKICNNPHRILDGIDCTLIDALLGDPHCDGFQNETWDLFVERSKAFSNCYPYDVPDYASLRSLVASSGTLEFINEGFTWTGVTQNGGSNACKRGPDSGFFSRLNWLYKSGSTYPVLNVTMPNNDNFDKLYIWGVHHPSTNQEQTSLYVQASGRVTVSTKGSQQTIIPNIGSRPWVRGLSSRISIYWTIVKPGDILVINSNGNLIAPRGYFKMRTGKSSIMRSDAPIGTCISECITPNGSIPNDKPFQNVNKITYGACPKYVKQNTLKLATGMRNVPEKQ','GLFGAIAGFIENGWEGMIDGWYGFRHQNSEGTGQAADLKSTQAAIDQINGKLNRVIEKTNEKFHQIEKEFSEVEGRIQDLEKYVEDTKIDLWSYNAELLVALENQHTIDLTDSEMNKLFEKTRRQLRENAEDMGNGCFRIYHKCDNACIGSIRNGTYDHDVYRDEALNNRFQIKG',1),

(3,'A/Port Chalmers/1/1973','QDFPGNDNSTATLCLGHHAVPNGTLVKTITNDQIEVTNATELVQSSSTGKICNNPHRILDGINCTLIDALLGDPHCDGFQNETWDLFVERSKAFSNCYPYDVPDYASLRSLVASSGTLEFINEGFTWTGVTQNGGSNACKRGPDSGFFSRLNWLYKSGSAYPVLNVTMPNNDNFDKLYIWGVHHPSTDQEQTNLYVQASGRVTVSTKRSQQTIIPNIGSRPWVRGLSSRISIYWTIVKPGDILVINSNGNLIAPRGYFKMRTGKSSIMRSDAPIGTCISECITPNGSIPNDKPFQNVNKITYGACPKYVKQNTLKLATGMRNVPEKQ','GIFGAIAGFIENGWEGMIDGWYGFRHQNSEGTGQAADLKSTQAAIDQINGKLNRVIEKTNEKFHQIEKEFSEVEGRIQDLEKYVEDTKIDLWSYNAELLVALENQHTIDLTDSEMNKLFEKTRRQLRENAEDMGNGCFKIYHKCDNACIGSIRNGTYDHDVYRDEALNNRFQIKG',2),

(4,'A/Victoria/3/1975','QDLPGNDNSTATLCLGHHAVPNGTLVKTITNDQIEVTNATELVQSSSTGKICNNPHRILDGINCTLIDALLGDPHCDGFQNEKWDLFVERSKAFSNCYPYDVPDYASLRSLVASSGTLEFINEGFNWTGVTQNGGSSACKRGPDSGFFSRLNWLYKSGSTYPVQNVTMPNNDNSDKLYIWGVHHPSTDKEQTNLYVQASGKVTVSTKRSQQTIIPNVGSRPWVRGLSSRISIYWTIVKPGDILVINSNGNLIAPRGYFKMRTGKSSIMRSDAPIGTCSSECITPNGSIPNDKPFQNVNKITYGACPKYVKQNTLKLATGMRNVPEKQ','GIFGAIAGFIENGWEGMIDGWYGFRHQNSEGTGQAADLKSTQAAIDQINGKLNRVIEKTNEKFHQIEKEFSEVEGRIQDLEKYVEDTKIDLWSYNAELLVALENQHTIDLTDSEMNKLFEKTRRQLRENAEDMGNGCFKIYHKCDNACIGSIRNGTYDHDVYRDEALNNRFQIKG',3),

(5,'A/Texas/1/1977','QNLPGNDNSTATLCLGHHAVPNGTLVKTITNDQIEVTNATELVQSSSTGRICDSPHRILDGKNCTLIDALLGDPHCDGFQNEKWDLFVERSKAFSNCYPYDVPDYASLRSLVASSGTLEFINEGFNWTGVTQNGGSYACKRGPDNGFFSRLNWLYKSESTYPVLNVTMPNNGNFDKLYIWGVHHPSTDKEQTNLYVQASGRVTVSTKRSQQTIIPNVGSRPWVRGLSSRISIYWTIVKPGDILLINSNGNLIAPRGYFKIRTGKSSIMRSDAPIGTCSSECITPNGSIPNDKPFQNVNKITYGACPKYVKQNTLKLATGMRNVPEKQ','GIFGAIAGFIENGWEGMIDGWYGFRHQNSEGTGQAADLKSTQAAIDQINGKLNRVIERTNEKFHQIEKEFSEVEGRIQDLEKYVEDTKIDLWSYNAELLVALENQHTIDLTDSEMNKLFEKTRRQLRENAEDMGNGCFKIYHKCDNACIGSIRNGTYDHDVYRDEALNNRFQIKG',4),

(6,'A/Bangkok/1/1979','QNLPGNDNSTATLCLGHHAVPNGTLVKTITNDQIEVTNATELVQSSSTGRICDSPHRILDGKNCTLIDALLGDPHCDGFQNEKWDLFVERSKAFSNCYPYDVPDYASLRSLVASSGTLEFINEGFNWTGVTQSGGSYACKRGSDNSFFSRLNWLYESESKYPVLNVTMPNNGNFDKLYIWGVHHPSTDKEQTNLYVRASGRVTVSTKRSQQTIIPNIGSRPWVRGLSSRISIYWTIVKPGDILLINSNGNLIAPRGYFKIRTGKSSIMRSDAPIGTCSSECITPNGSIPNDKPFQNVNKITYGACPKYVKQNTLKLATGMRNVPEKQ','GIFGAIAGFIENGWEGMVDGWYGFRHQNSEGTGQAADLKSTQAAIDQINGKLNRVIEKTNEKFHQIEKEFSEVEGRIQDLEKYVEDTKIDLWSYNAELLVALENQHTIDLTDSEMNKLFEKTRRQLRENAEDMGNGCFKIYHKCDNACIGSIRNGTYDHDVYRDEALNNRFQIKG',5),

(7,'A/Philippines/2/1982','QNLPGNDNSTATLCLGHHAVPNGTLVKTITNDQIEVTNATELVQSSSTGRICDSPHRILDGKNCTLIDALLGDPHCDGFQNEKWDLFVERSKAFSNCYPYDVPDYASLRSLVASSGTLEFINEGFNWTGVTQSGGSYTCKRGSNNSFFSRLNWLYESESKYPVLNVTMPNNGKFDKLYIWGIHHPSTDKEQTNLYIRASGRVTVSTKRSQQTVIPNIGSRPWVRGLSSRISIYWTIVKPGDILLINSTGNLIAPRGYFKIRTGKSSIMRSDAPIGTCSSECITPNGSIPNDKPFQNVNKITYGACPRYVKQNTLKLATGMRNVPEKQ','GIFGAIAGFIENGWEGMIDGWYGFRHQNSEGTGQAADLKSTQAAIDQINGKLNRVIEKTNEKFHQIEKEFSEVEGRIQDLEKYVEDTKIDLWSYNAELLVALENQHTIDLTDSEMNKLFEKTRKQLRENAEDMGNGCFKIYHKCDNACIGSIRNGTYDHDVYRDEALNNRFQIKG',6),

(8,'A/Mississippi/1/1985','QKLPGNDNSTATLCLGHHAVPNGTLVKTITNDQIEVTNATELVQSSSTGRICDSPHRILDGKNCTLIDALLGDPHCDGFQNEKWDLFVERSKAFSNCYPYDVPDYASLRSLVASSGTLEFINEGFNWTGVTQSGGSYACKRGSVNSFFSRLNWLYESESKYPALNVTMPNNGKFDKLYIWGVHHPITDKEQTNLYVRASGRVTVSTKRSQQTVIPNIGSRPWVRGQSSRISIYWTIVKPGDILLINSIGNLIAPRGYFKIRTGKSSIMRSDAPIGTCSSECITPNGSIPNDKPFQNVNKITYGACPRYVKQNTLKLATGMRNVPEKQ','GIFGAIAGFIENGWEGMVDGWYGFRHQNSEGTGQAADLKSTQAAIDQINGKLNRLIEKTNEKFHQIEKEFSEVEGRIQDLEKYVEDTKIDLWSYNAELLVALENQHTIDLTDSEMNKLFEKTRKQLRENAEDMGNGCFKIYHKCDNACIGSIRNGTYDHDVYRDEALNNRFQIKG',7),

(9,'A/Leningrad/360/1986','QKLPGNDNSTATLCLGHHAVPNGTLVKTITNDQIEVTNATELVQSSSTGRICDSPHRILDGKNCTLIDALLGDPHCDGFQNEKWDLFIERSKAFSNCYPYDVPDYASLRSLVASSGTLEFINEGFNWTGVTQSGGSYTCKRGSVNSFFSRLNWLYESEYKYPALNVTMPNNGKFDKLYIWGVHHPSTEKEQTNLYVRASGRVTVSTKRSQQTVIPNIGSRPWVRGLSSRISIYWTIVKPGDILLINSTGNLIAPRGYFKIRTGKSSIMRSDAPIGTCSSECITPNGSIPNDKPFQNVNKITYGACPRYVKQNTLKLATGMRNVPEKQ','GIFGAIAGFIENGWEGMVDGWYGFRHQNSEGTGQAADLKSTQAAIDQINGKLNRLIEKTNEKFHQIEKEFSEVEGRIQDLEKYVEDTKIDLWSYNAELLVALENQYTIDLTDSEMNKLFEKTRKQLRENAEDMGNGCFKIYHKCDNACIGSIRNGTYDHDVYRDEALNNRFQIKG',8),

(10,'A/Sichuan/2/1987','QKLPGNDNSTATLCLGHHAVPNGTLVKTITNDQIEVTNATELVQSSSTGRICDSPHRILDGKNCTLIDALLGDPHCDGFQNEKWDLFVERSKAYSNCYPYDVPDYASLRSLVASSGTLEFINEDFNWTGVTQSGGSYACKRGSVNSFFSRLNWLHKSEYKYPALNVTMPNNGKFDKLYIWGVHHRVTDREQTNLYVRASGRVTVSTKRSQQTVIPNIGSRPWVRGLSSRISIYWTIVKPGDILLINSTGNLIAPRGYFKIRTGKSSIMRSDAPIGTCSSECITPNGSIPNDKPFQNVNKITYGACPRYVKQNTLKLATGMRNVPEKQ','GIFGAIAGFIENGWEGMVDGWYGFRHQNSEGTGQAADLKSTQAAIDQINGKLNRLIEKTNEKFHQIEKEFSEVEGRIQDLEKYVEDTKIDLWSYNAELLVALENQHTIDLTDSEMNKLFEKTRKQLRENAEDMGNGCFKIYHKCDNACIGSIRNGTYDHDVYRDEALNNRFQIKG',9),

(11,'A/Beijing/352/1989','QKLPGNDNSTATLCLGHHAVPNGTLVKTITNDQIEVTNATELVQSSSTGRICDSPHRILDGKNCTLIDALLGDPHCDGFQNKEWDLFVERSKAYSNCYPYDVPDYASLRSLVASSGTLEFINEDFNWTGVAQSGESYACKRGSVKSFFSRLNWLHESEYKYPALNVTMPNNGKFDKLYIWGVHHPSTDREQTKLYVRASGRVTVSTKRSQQTVIPNIGSRPWVRGLSSRISIYWTIVKPGDILLINSTGNLIAPRGYFKIRTGKSSIMRSDAPIGTCSSECITPNGSIPNDKPFQNVNRITYGACPRYVKQNTLKLATGMRNVPEKQ','GIFGAIAGFIENGWEGMVDGWYGFRHQNSEGTGQAADLKSTQAAIDQINGKLNRLIEKTNEKFHQIEKEFSEVEGRIQDLEKYVEDTKIDLWSYNAELLVALENQHTIDLTDSEMNKLFEKTRKQLRENAEDMGNGCFKIYHKCDNACIGSIRNGTYNHDVYRDEALNNRFQIKG',10),

(12,'A/Beijing/353/1989','QKLPGNDNSTATLCLGHHAVPNGTLVKTITNDQIEVTNATELVQSSSTGRICDSPHRILDGKNCTLIDALLGDPHCDGFQNKEWDLFVERSKAYSNCYPYDVPDYASLRSLVASSGTLEFINEDFNWTGVAQSGESYACKRGSVKSFFSRLNWLHESEYKYPALNVTMPNNGKFDKLYIWGVHHPSTDREQTNLYVRASGRVTVSTKRSQQTVIPNIGSRPWVRGLSSRISIYWTIVKPGDILLINSTGNLIAPRGYFKIRTGKSSIMRSDAPIGTCSSECITPNGSIPNDKPFQNVNRITYGACPRYVKQNTLKLATGMRNVPEKQ','GIFGAIAGFIENGWEGMVDGWYGFRHQNSEGTGQAADLKSTQAAIDQINGKLNRLIEKTNEKFHQIEKEFSEVEGRIQDLEKYVEDTKIDLWSYNAELLVALENQHTIDLTDSEMNKLFEKTRKQLRENAEDMGNGCFKIYHKCDNACIGSIRNGTYDHDVYRDEALNNRFQIKG',11),

(13,'A/Beijing/32/1992','QKLPGNDNSTATLCLGHHAVPNGTLVKTITNDQIEVTNATELVQSSSTGRICDSPHRILDGKNCTLIDALLGDPHCDGFQNKEWDLFVERSKAYSNCYPYDVPDYASLRSLVASSGTLEFINEDFNWTGVAQDGGSYACKRGSVNSFFSRLNWLHKSEYKYPALNVTMPNNGKFDKLYIWGVHHPSTDRDQTSLYVRASGRVTVSTKRSQQTVTPNIGSRPWVRGQSSRISIYWTIVKPGDILLINSTGNLIAPRGYFKIRNGKSSIMRSDAPIGTCSSECITPNGSIPNDKPFQNVNRITYGACPRYVKQNTLKLATGMRNVPEKQ','GIFGAIAGFIENGWEGMVDGWYGFRHQNSEGTGQAADLKSTQAAIDQINGKLNRLIEKTNEKFHQIEKEFSEVEGRIQDLEKYVEDTKIDLWSYNAELLVALENQHTIDLTDSEMNKLFEKTRKQLRENAEDMGNGCFKIYHKCDNACIGSIRNGTYDHDVYRDEALNNRFQIKG',12),

(14,'A/Johannesburg/33/1994','QKLPGNDNSTATLCLGHHAVPNGTLVKTITNDQIEVTNATELVQSSPTGRICDSPHRILDGKNCTLIDALLGDPHCDGFQNKEWDLFVERSKAYSNCYPYDVPDYASLRSLVASSGTLEFINENFNWTGVAQDGKSYACKRGSVNSFFSRLNWLHKLEYKYPALNVTMPNNGKFDKLYIWGVHHPSTDSDQTSLYVRASGRVTVSTKRSQQTVIPDIGYRPWVRGQSSRISIYWTIVKPGDILLINSTGNLIAPRGYFKIRNGKSSIMRSDAPIGNCSSECITPNGSIPNDKPFQNVNRITYGACPRYVKQNTLKLATGMRNVPEKQ','GIFGAIAGFIENGWEGMVDGWYGFRHQNSEGTGQAADLKSTQAAIDQINGKLNRLVEKTNEKFHQIEKEFSEVEGRIQDLEKYVEDTKIDLWSYNAELLVALENQHTIDLTDSEMNKLFERTRKQLRENAEDMGNGCFKIYHKCDNACIGSIRNGTYDHDVYRDEALNNRFQIKG',13),

(15,'A/Wuhan/359/1995','QKLPGNDNSTATLCLGHHAVPNGTLVKTITNDQIEVTNATELVQSSSTGRICDSPHRILDGKNCTLIDALLGDPHCDGFQNKEWDLFVERSKAYSNCYPYDVPDYASLRSLVASSGTLEFTNEGFNWTGVAQDGTSYACKRGSVKSFFSRLNWLHKLEYKYPALNVTMPNNDKFDKLYIWGVHHPSTDSDQTSIYVQASGRVTVSTKRSQQTVIPNIGSRPWVRGISSRISIYWTIVKPGDILLINSTGNLIAPRGYFKIRSGKSSIMRSDAPIGNCNSECITPNGSIPNDKPFQNVNRITYGACPRYVKQNTLKLATGMRNVPEKQ','GIFGAIAGFIENGWEGMVDGWYGFRHQNSEGTGQAADLKSTQAAINQINGKLNRLIEKTNEKFHQIEKEFSEVEGRIQDLEKYVEDTKIDLWSYNAELLIALENQHTIDLTDSEMNKLFERTRKQLRENAEDMGNGCFKIYHKCDNACIGSIRNGTYDHDVYRDEALNNRFQIKG',14),

(16,'A/Sydney/5/1997','QKIPGNDNSTATLCLGHHAVPNGTLVKTITNDQIEVTNATELVQSSSTGRICDSPHRILDGENCTLIDALLGDPHCDGFQNKEWDLFVERSKAYSNCYPYDVPDYASLRSLVASSGTLEFNNESFNWTGVAQNGTSYACKRSSIKSFFSRLNWLHQLKYKYPALNVTMPNNDKFDKLYIWGVHHPSTDSDQTSIYAQASGRVTVSTKRSQQTVIPNIGSRPWVRGISSRISIHWTIVKPGDILLINSTGNLIAPRGYFKIRSGKSSIMRSDAPIGKCNSECITPNGSIPNDKPFQNVNRITYGACPRYVKQNTLKLATGMRNVPEKQ','GIFGAIAGFIENGWEGMVDGWYGFRHQNSEGTGQAADLKSTQAAINQINGKLNRLIEKTNEKFHQIEKEFSEVEGRIQDLEKYVEDTKIDLWSYNAELLVALENQHTIDLTDSEMNKLFERTRKQLRENAEDMGNGCFKIYHKCDNACIGSIRNGTYDHDVYRDEALNNRFQIKG',15),

(17,'A/Moscow/10/1999','QKLPGNDNSTATLCLGHHAVPNGTLVKTITNDQIEVTNATELVQSSSTGRICDSPHQILDGENCTLIDALLGDPHCDGFQNKEWDLFVERSKAYSNCYPYDVPDYASLRSLVASSGTLEFNNESFNWTGVAQNGTSSACKRRSIKSFFSRLNWLHQLKYRYPALNVTMPNNDKFDKLYIWGVHHPSTDSDQTSLYTQASGRVTVSTKRSQQTVIPNIGSRPWVRGISSRISIYWTIVKPGDILLINSTGNLIAPRGYFKIRSGKSSIMRSDAPIGKCNSECITPNGSIPNDKPFQNVNRITYGACPRYVKQNTLKLATGMRNVPEKQ','GIFGAIAGFIENGWEGMMDGWYGFRHQNSEGTGQAADLKSTQAAINQINGKLNRLIEKTNEKFHQIEKEFSEVEGRIQDLEKYVEDTKIDLWSYNAELLVALENQHTIDLTDSEMNKLFERTRKQLRENAEDMGNGCFKIYHKCDNACIGSIRNGTYDHDVYRDEALNNRFQIKG',16),

(18,'A/Hong Kong/1550/2002','QKLPGNDNSTATLCLGHHAVPNGTLVKTITNDQIEVTNATELVQSSSTGGICDSPHQILDGENCTLIDALLGDPHCDGFQNKKWDLFVERSKAYSSCYPYDVPDYASLRSLVASSGTLEFNNESFNWTGVAQNGTSSACKRRSNKSFFSRLNWLHQLKYKYPALNVTMPNNEKFDKLYIWGVHHPVTDSDQISIYAQASGRITVSTKRSQQTVIPNIGSRPRVRDVSSRISIYWTIVKPGDILLINSTGNLIAPRGYFKIRSGKSSIMRSDAPIGKCNSECITPNGSIPNDKPFQNVNRITYGACPRYVKQNTLKLATGMRNVPEKQ','GIFGAIAGFIENGWEGMVDGWYGFRHQNSEGTGQAADLKSTQAAINQINGKLNRLIGKTNEKFHQIEKEFSEVEGRIQDLEKYVEDTKIDLWSYNAELLVALENQHTIDLTDSEMNKLFERTKKQLRENAEDMGNGCFKIYHKCDNACIGSIRNGTYDHDVYRDEALNNRFQIKG',17),

(19,'A/Fujian/411/2002','QKLPGNDNSTATLCLGHHAVPNGTIVKTITNDQIEVTNATELVQSSSTGGICDSPHQILDGENCTLIDALLGDPQCDGFQNKKWDLFVERSKAYSNCYPYDVPDYASLRSLVASSGTLEFNNESFNWTGVTQNGTSSACKRRSNKSFFSRLNWLTHLKYKYPALNVTMPNNEKFDKLYIWGVHHPGTDSDQISLYAQASGRITVSTKRSQQTVIPNIGSRPRVRDVSSRISIYWTIVKPGDILLINSTGNLIAPRGYFKIRSGKSSIMRSDAPIGKCNSECITPNGSIPNDKPFQNVNRITYGACPRYVKQNTLKLATGMRNVPEKQ','GIFGAIAGFIENGWEGMVDGWYGFRHQNSEGTGQAADLKSTQAAINQINGKLNRLIGKTNEKFHQIEKEFSEVEGRIQDLEKYVEDTKIDLWSYNAELLVALENQHTIDLTDSEMNKLFERTKKQLRENAEDMGNGCFKIYHKCDNACIESIRNGTYDHDVYRDEALNNRFQIKG',18),

(20,'A/Wellington/1/2004','QKLPGNDNSTATLCLGHHAVPNGTIVKTITNDQIEVTNATELVQSSSTGGICDSPHQILDGENCTLIDALLGDPQCDGFQNKKWDLFVERSKAYSNCYPYDVPDYASLRSLVASSGTLEFNNESFNWTGVTQNGTSSACKRRSNKSFFSRLNWLTHLKFKYPALNVTMPNNEKFDKLYIWGVHHPGTDNDQISLYAQASGRITVSTKRSQQTVIPNIGSRPRVRDVPSRISIYWTIVKPGDILLINSTGNLIAPRGYFKIRSGKSSIMRSDAPIGKCNSECITPNGSIPNDKPFQNVNRITYGACPRYVKQNTLKLATGMRNVPEKQ','GIFGAIAGFIENGWEGMVDGWYGFRHQNSEGTGQAADLKSTQAAINQINGKLNRLIGKTNEKFHQIEKEFSEVEGRIQDLEKYVEDTKIDLWSYNAELLVALENQHTIDLTDSEMNKLFERTKKQLRENAEDMGNGCFKIYHKCDNACIGSIRNGTYDHDVYRDEALNNRFQIKG',19),

(21,'A/California/7/2004','QKLPGNDNSTATLCLGHHAVPNGTIVKTITNDQIEVTNATELVQSSSTGGICDSPHQILDGENCTLIDALLGDPQCDGFQNKKWDLFVERSKAYSNCYPYDVPDYASLRSLVASSGTLEFNNESFNWTGVTQNGTSSSCKRRSNNSFFSRLNWLTHLKFKYPALNVTMPNNEKFDKLYIWGVHHPGTNNDQISLYTQASGRITVSTKRSQQTVIPNIGSRPRVRDIPSRISIYWTIVKPGDILLINSTGNLIAPRGYFKIRSGKSSIMRSDAPIGKCNSECITPNGSIPNDKPFQNVNRITYGACPRYVKQNTLKLATGMRNVPEKQ','GIFGAIAGFIENGWEGMVDGWYGFRHQNSEGIGQAADLKSTQAAINQINGKLNRLIGKTNEKFHQIEKEFSEVEGRIQDLEKYVEDTKIDLWSYNAELLVALENQHTIDLTDSEMNKLFERTKKQLRENAEDMGNGCFKIYHKCDNACIGSIRNGTYDHDVYRDEALNNRFQIKG',20),

(22,'A/Wisconsin/67/2005','QKLPGNDNSTATLCLGHHAVPNGTIVKTITNDQIEVTNATELVQSSSTGGICDSPHQILDGENCTLIDALLGDPQCDGFQNKKWDLFVERSKAYSNCYPYDVPDYASLRSLVASSGTLEFNDESFNWTGVTQNGTSSSCKRRSNNSFFSRLNWLTHLKFKYPALNVTMPNNEKFDKLYIWGVHHPVTDNDQIFLYAQASGRITVSTKRSQQTVIPNIGSRPRIRNIPSRISIYWTIVKPGDILLINSTGNLIAPRGYFKIRSGKSSIMRSDAPIGKCNSECITPNGSIPNDKPFQNVNRITYGACPRYVKQNTLKLATGMRNVPEKQ','GIFGAIAGFIENGWEGMVDGWYGFRHQNSEGIGQAADLKSTQAAINQINGKLNRLIGKTNEKFHQIEKEFSEVEGRIQDLEKYVEDTKIDLWSYNAELLVALENQHTIDLTDSEMNKLFERTKKQLRENAEDMGNGCFKIYHKCDNACIGSIRNGTYDHDVYRDEALNNRFQIKG',21),

(23,'A/Brisbane/10/2007','QKLPGNDNSTATLCLGHHAVPNGTIVKTITNDQIEVTNATELVQSSSTGEICDSPHQILDGENCTLIDALLGDPQCDGFQNKKWDLFVERSKAYSNCYPYDVPDYASLRSLVASSGTLEFNNESFNWTGVTQNGTSSACIRRSNNSFFSRLNWLTHLKFKYPALNVTMPNNEKFDKLYIWGVHHPGTDNDQIFLYAQASGRITVSTKRSQQTVIPNIGSRPRVRNIPSRISIYWTIVKPGDILLINSTGNLIAPRGYFKIRSGKSSIMRSDAPIGKCNSECITPNGSIPNDKPFQNVNRITYGACPRYVKQNTLKLATGMRNVPEKQ',NULL,22),

(24,'A/Perth/16/2009','QKLPGNDNSTATLCLGHHAVPNGTIVKTITNDQIEVTNATELVQSSSTGEICDSPHQILDGKNCTLIDALLGDPQCDGFQNKKWDLFVERSKAYSNCYPYDVPDYASLRSLVASSGTLEFNNESFNWTGVTQNGTSSACIRRSKNSFFSRLNWLTHLNFKYPALNVTMPNNEQFDKLYIWGVHHPGTDKDQIFLYAQASGRITVSTKRSQQTVSPNIGSRPRVRNIPSRISIYWTIVKPGDILLINSTGNLIAPRGYFKIRSGKSSIMRSDAPIGKCNSECITPNGSIPNDKPFQNVNRITYGACPRYVKQNTLKLATGMRNVPEKQ',NULL,23);

/*!40101 SET SQL_MODE=@OLD_SQL_MODE */;
/*!40014 SET FOREIGN_KEY_CHECKS=@OLD_FOREIGN_KEY_CHECKS */;
/*!40014 SET UNIQUE_CHECKS=@OLD_UNIQUE_CHECKS */;
/*!40111 SET SQL_NOTES=@OLD_SQL_NOTES */;
